最高气温,最低气温,天气,风向,风力
最高气温为15~20度,最低气温为10~15度,多云,无持续风向,微风
最高气温为15~20度,最低气温为10~15度,多云,无持续风向,微风
最高气温为15~20度,最低气温为10~15度,多云,无持续风向,微风
最高气温为15~20度,最低气温为5~10度,小雨,无持续风向,微风
最高气温为15~20度,最低气温为5~10度,多云,无持续风向转北风,微风转3-4级
最高气温为15~20度,最低气温为5~10度,晴,无持续风向,微风
最高气温为15~20度,最低气温为10~15度,多云,无持续风向,微风
最高气温为15~20度,最低气温为5~10度,多云,无持续风向,微风
最高气温为10~15度,最低气温为5~10度,阵雨,无持续风向,微风
最高气温为5~10度,最低气温为5~10度,小到中雨转小雨,无持续风向,微风
最高气温为10~15度,最低气温为5~10度,阵雨,无持续风向,微风
最高气温为10~15度,最低气温为5~10度,小雨,无持续风向,微风
最高气温为15~20度,最低气温为10~15度,阵雨转阴,无持续风向,微风
最高气温为10~15度,最低气温为5~10度,多云,东北风,3-4级
最高气温为10~15度,最低气温为5~10度,晴转多云,无持续风向,微风
最高气温为10~15度,最低气温为5~10度,多云转阴,无持续风向,微风
最高气温为15~20度,最低气温为5~10度,多云,无持续风向,微风
最高气温为10~15度,最低气温为5~10度,多云,北风,3-4级
最高气温为10~15度,最低气温为5~10度,多云,北风,3-4级
最高气温为15~20度,最低气温为5~10度,晴转多云,无持续风向,微风
最高气温为15~20度,最低气温为5~10度,多云,无持续风向,微风
最高气温为15~20度,最低气温为10~15度,多云,无持续风向,微风
最高气温为20~25度,最低气温为10~15度,多云,无持续风向,微风
最高气温为20~25度,最低气温为5~10度,晴转多云,无持续风向,微风
最高气温为25~30度,最低气温为10~15度,晴,无持续风向,微风
最高气温为25~30度,最低气温为10~15度,晴转多云,无持续风向,微风
最高气温为25~30度,最低气温为10~15度,多云,无持续风向,微风
最高气温为25~30度,最低气温为10~15度,多云,无持续风向,微风
最高气温为20~25度,最低气温为15~20度,多云,无持续风向,微风
最高气温为25~30度,最低气温为10~15度,多云转小雨,无持续风向,微风
最高气温为15~20度,最低气温为10~15度,阴,北风,3-4级
最高气温为10~15度,最低气温为5~10度,阴转小雨,无持续风向,微风
最高气温为10~15度,最低气温为5~10度,中雨转小雨,无持续风向,微风
最高气温为10~15度,最低气温为5~10度,阴,无持续风向,微风
最高气温为5~10度,最低气温为5~10度,小雨,无持续风向,微风
最高气温为10~15度,最低气温为5~10度,小雨转阴,无持续风向,微风
最高气温为10~15度,最低气温为5~10度,雾,无持续风向,微风
最高气温为10~15度,最低气温为10~15度,阴转小雨,无持续风向,微风
最高气温为10~15度,最低气温为5~10度,小雨,无持续风向,微风
最高气温为15~20度,最低气温为10~15度,阴,无持续风向,微风
最高气温为15~20度,最低气温为10~15度,阴转多云,无持续风向,微风
最高气温为15~20度,最低气温为10~15度,小雨转多云,无持续风向,微风
最高气温为20~25度,最低气温为15~20度,多云转阴,无持续风向,微风
最高气温为20~25度,最低气温为10~15度,多云,无持续风向,微风
最高气温为25~30度,最低气温为10~15度,多云,无持续风向,微风
最高气温为25~30度,最低气温为15~20度,多云,无持续风向,微风
最高气温为25~30度,最低气温为15~20度,多云,无持续风向,微风
最高气温为25~30度,最低气温为15~20度,晴转多云,无持续风向,微风
最高气温为25~30度,最低气温为10~15度,多云,无持续风向,微风
最高气温为15~20度,最低气温为10~15度,多云转阴,北风转无持续风向,3-4级转微风
最高气温为20~25度,最低气温为10~15度,多云,无持续风向,微风
最高气温为20~25度,最低气温为10~15度,多云,无持续风向,微风
最高气温为20~25度,最低气温为15~20度,多云转阴,无持续风向,微风
最高气温为20~25度,最低气温为10~15度,阴转小雨,无持续风向转北风,微风转3-4级
最高气温为15~20度,最低气温为10~15度,阴,北风,3-4级
最高气温为15~20度,最低气温为10~15度,小雨,无持续风向,微风
最高气温为15~20度,最低气温为10~15度,小雨,无持续风向转北风,微风转3-4级
最高气温为15~20度,最低气温为10~15度,小雨转阴,无持续风向,微风
最高气温为15~20度,最低气温为10~15度,多云,无持续风向,微风
最高气温为15~20度,最低气温为15~20度,多云,无持续风向,微风
最高气温为25~30度,最低气温为15~20度,多云,无持续风向,微风
最高气温为25~30度,最低气温为15~20度,多云,无持续风向,微风
最高气温为20~25度,最低气温为10~15度,多云,北风,4-5级转3-4级
最高气温为15~20度,最低气温为10~15度,阴,北风,4-5级转3-4级
最高气温为15~20度,最低气温为10~15度,多云转小雨,北风转无持续风向,3-4级转微风
最高气温为15~20度,最低气温为10~15度,小到中雨转中雨,无持续风向,微风
最高气温为15~20度,最低气温为10~15度,小雨,无持续风向,微风
最高气温为20~25度,最低气温为15~20度,多云,无持续风向,微风
最高气温为25~30度,最低气温为15~20度,阴转小雨,无持续风向,微风
最高气温为15~20度,最低气温为10~15度,阴转小雨,北风,3-4级
最高气温为15~20度,最低气温为10~15度,多云转阴,北风,3-4级
最高气温为15~20度,最低气温为10~15度,阴转多云,无持续风向,微风
最高气温为15~20度,最低气温为10~15度,多云,无持续风向,微风
最高气温为20~25度,最低气温为10~15度,阴,无持续风向,微风
最高气温为15~20度,最低气温为10~15度,小雨转阴,无持续风向,微风
最高气温为20~25度,最低气温为10~15度,多云,无持续风向,微风
最高气温为25~30度,最低气温为10~15度,多云,无持续风向,微风
最高气温为20~25度,最低气温为10~15度,阴,无持续风向,微风
最高气温为25~30度,最低气温为15~20度,多云,无持续风向,微风
最高气温为25~30度,最低气温为15~20度,多云,无持续风向,微风
最高气温为25~30度,最低气温为15~20度,多云,无持续风向,微风
最高气温为25~30度,最低气温为10~15度,多云转小雨,无持续风向,微风
最高气温为15~20度,最低气温为15~20度,阴转多云,无持续风向,微风
最高气温为20~25度,最低气温为15~20度,多云,无持续风向,微风
最高气温为20~25度,最低气温为15~20度,多云,无持续风向,微风
最高气温为25~30度,最低气温为15~20度,多云,无持续风向,微风
最高气温为25~30度,最低气温为15~20度,多云,无持续风向,微风
最高气温为25~30度,最低气温为15~20度,多云,无持续风向,微风
最高气温为25~30度,最低气温为15~20度,多云,无持续风向,微风
最高气温为30~35度,最低气温为15~20度,晴转多云,无持续风向,微风
最高气温为25~30度,最低气温为15~20度,多云,无持续风向,微风
最高气温为25~30度,最低气温为20~25度,多云,无持续风向,微风
最高气温为30~35度,最低气温为15~20度,多云,无持续风向,微风
最高气温为30~35度,最低气温为15~20度,多云,无持续风向,微风
最高气温为30~35度,最低气温为20~25度,多云转雷阵雨,无持续风向转北风,微风转3-4级
最高气温为25~30度,最低气温为20~25度,大到暴雨转阵雨,无持续风向转北风,微风转3-4级
最高气温为25~30度,最低气温为15~20度,多云,无持续风向,微风
最高气温为25~30度,最低气温为15~20度,晴转多云,无持续风向,微风
最高气温为30~35度,最低气温为15~20度,晴转多云,无持续风向,微风
最高气温为25~30度,最低气温为20~25度,多云,无持续风向,微风
最高气温为25~30度,最低气温为15~20度,雷阵雨转阴,无持续风向,微风
最高气温为25~30度,最低气温为15~20度,多云,无持续风向,微风
最高气温为25~30度,最低气温为15~20度,多云,无持续风向,微风
最高气温为30~35度,最低气温为15~20度,多云,无持续风向,微风
最高气温为30~35度,最低气温为20~25度,多云,无持续风向,微风
最高气温为30~35度,最低气温为20~25度,多云,无持续风向,微风
最高气温为30~35度,最低气温为20~25度,多云,无持续风向,微风
最高气温为25~30度,最低气温为20~25度,小雨转阵雨,无持续风向,微风
最高气温为25~30度,最低气温为20~25度,阵雨,无持续风向,微风
最高气温为25~30度,最低气温为20~25度,阵雨,无持续风向,微风
最高气温为25~30度,最低气温为25~30度,阵雨,无持续风向,微风
最高气温为25~30度,最低气温为20~25度,中雨转小到中雨,无持续风向,微风
最高气温为20~25度,最低气温为15~20度,阵雨,无持续风向,微风
最高气温为25~30度,最低气温为20~25度,阵雨,无持续风向,微风
最高气温为25~30度,最低气温为20~25度,阵雨,无持续风向,微风
最高气温为30~35度,最低气温为20~25度,阵雨转多云,无持续风向,微风
最高气温为30~35度,最低气温为20~25度,阵雨,无持续风向,微风
最高气温为30~35度,最低气温为20~25度,多云,无持续风向,微风
最高气温为30~35度,最低气温为25~30度,多云,无持续风向,微风
最高气温为30~35度,最低气温为25~30度,雷阵雨转中到大雨,无持续风向,微风
最高气温为30~35度,最低气温为20~25度,中雨转中到大雨,无持续风向,微风
最高气温为25~30度,最低气温为20~25度,中到大雨,无持续风向,微风
最高气温为25~30度,最低气温为20~25度,雷阵雨,无持续风向,微风
最高气温为25~30度,最低气温为20~25度,阵雨,无持续风向,微风
最高气温为25~30度,最低气温为20~25度,中到大雨转阵雨,无持续风向,微风
最高气温为25~30度,最低气温为20~25度,晴,无持续风向,微风
最高气温为30~35度,最低气温为20~25度,多云,无持续风向,微风
最高气温为30~35度,最低气温为20~25度,晴转多云,无持续风向,微风
最高气温为30~35度,最低气温为20~25度,多云,无持续风向,微风
最高气温为30~35度,最低气温为20~25度,多云转阵雨,无持续风向,微风
最高气温为25~30度,最低气温为20~25度,暴雨,无持续风向,微风
最高气温为25~30度,最低气温为20~25度,阴,无持续风向,微风
最高气温为25~30度,最低气温为20~25度,多云,无持续风向,微风
最高气温为25~30度,最低气温为20~25度,多云,无持续风向,微风
最高气温为30~35度,最低气温为20~25度,晴,无持续风向,微风
最高气温为30~35度,最低气温为20~25度,多云,无持续风向,微风
最高气温为30~35度,最低气温为20~25度,晴,无持续风向,微风
最高气温为30~35度,最低气温为20~25度,晴,无持续风向,微风
最高气温为30~35度,最低气温为20~25度,多云,无持续风向,微风
最高气温为30~35度,最低气温为20~25度,晴,无持续风向,微风
最高气温为35~40度,最低气温为20~25度,晴转多云,无持续风向,微风
最高气温为30~35度,最低气温为25~30度,多云,无持续风向,微风
最高气温为30~35度,最低气温为25~30度,多云,无持续风向,微风
最高气温为30~35度,最低气温为25~30度,多云,无持续风向,微风
最高气温为30~35度,最低气温为25~30度,阴转阵雨,无持续风向,微风
最高气温为30~35度,最低气温为25~30度,阵雨转多云,无持续风向,微风
最高气温为30~35度,最低气温为25~30度,阵雨,无持续风向,微风
最高气温为30~35度,最低气温为25~30度,阵雨,无持续风向,微风
最高气温为30~35度,最低气温为25~30度,阵雨转多云,无持续风向,微风
最高气温为35~40度,最低气温为25~30度,多云,无持续风向转东风,微风转3-4级
最高气温为30~35度,最低气温为25~30度,阵雨,无持续风向,微风
最高气温为25~30度,最低气温为25~30度,雷阵雨转阵雨,无持续风向,微风
最高气温为30~35度,最低气温为25~30度,雷阵雨转多云,无持续风向,微风
最高气温为30~35度,最低气温为25~30度,雷阵雨转多云,无持续风向,微风
最高气温为30~35度,最低气温为25~30度,阵雨,无持续风向,微风
最高气温为30~35度,最低气温为20~25度,中到大雨转暴雨,无持续风向,微风
最高气温为25~30度,最低气温为25~30度,大到暴雨转中到大雨,东南风,3-4级
最高气温为30~35度,最低气温为25~30度,雷阵雨转阵雨,无持续风向,微风
最高气温为30~35度,最低气温为25~30度,多云,无持续风向,微风
最高气温为35~40度,最低气温为25~30度,多云,无持续风向,微风
最高气温为35~40度,最低气温为25~30度,多云,无持续风向,微风
最高气温为30~35度,最低气温为20~25度,中雨转大到暴雨,东北风转东南风,3-4级转4-5级
最高气温为30~35度,最低气温为25~30度,中雨,东南风转无持续风向,3-4级转微风
最高气温为30~35度,最低气温为25~30度,阵雨,无持续风向,微风
最高气温为30~35度,最低气温为25~30度,阵雨,无持续风向,微风
最高气温为25~30度,最低气温为20~25度,大到暴雨转雷阵雨,无持续风向,微风
最高气温为30~35度,最低气温为25~30度,阵雨转中雨,无持续风向,微风
最高气温为30~35度,最低气温为25~30度,雷阵雨转中到大雨,无持续风向,微风
最高气温为25~30度,最低气温为25~30度,暴雨,无持续风向,微风
最高气温为25~30度,最低气温为25~30度,中到大雨转中雨,无持续风向,微风
最高气温为30~35度,最低气温为25~30度,雷阵雨转多云,无持续风向,微风
最高气温为30~35度,最低气温为25~30度,多云转晴,无持续风向,微风
最高气温为35~40度,最低气温为25~30度,晴,无持续风向,微风
最高气温为35~40度,最低气温为25~30度,晴,无持续风向,微风
最高气温为35~40度,最低气温为25~30度,晴,无持续风向,微风
最高气温为35~40度,最低气温为25~30度,晴,无持续风向,微风
最高气温为35~40度,最低气温为25~30度,晴,无持续风向,微风
最高气温为35~40度,最低气温为25~30度,晴,无持续风向,微风
最高气温为35~40度,最低气温为25~30度,多云,无持续风向,微风
最高气温为30~35度,最低气温为25~30度,雷阵雨转阴,无持续风向,微风
最高气温为30~35度,最低气温为20~25度,雷阵雨,无持续风向,微风
最高气温为30~35度,最低气温为25~30度,雷阵雨,无持续风向,微风
最高气温为30~35度,最低气温为25~30度,雷阵雨,无持续风向,微风
最高气温为30~35度,最低气温为25~30度,雷阵雨,无持续风向,微风
最高气温为30~35度,最低气温为25~30度,大到暴雨转暴雨,无持续风向,微风
最高气温为25~30度,最低气温为25~30度,暴雨转大雨,无持续风向,微风
最高气温为30~35度,最低气温为25~30度,大雨转中雨,无持续风向,微风
最高气温为30~35度,最低气温为25~30度,中雨转中到大雨,无持续风向,微风
最高气温为30~35度,最低气温为25~30度,雷阵雨转阵雨,无持续风向,微风
最高气温为30~35度,最低气温为25~30度,大雨转中到大雨,无持续风向,微风
最高气温为30~35度,最低气温为25~30度,雷阵雨转阵雨,无持续风向,微风
最高气温为30~35度,最低气温为25~30度,多云,无持续风向,微风
最高气温为35~40度,最低气温为25~30度,晴,无持续风向,微风
最高气温为35~40度,最低气温为25~30度,晴,无持续风向,微风
最高气温为35~40度,最低气温为25~30度,晴,无持续风向,微风
最高气温为35~40度,最低气温为25~30度,多云转晴,无持续风向,微风
最高气温为35~40度,最低气温为25~30度,晴,无持续风向,微风
最高气温为35~40度,最低气温为25~30度,晴转雷阵雨,无持续风向,微风
最高气温为30~35度,最低气温为25~30度,中雨,东风转东北风,3-4级
最高气温为30~35度,最低气温为25~30度,阵雨转多云,无持续风向,微风
最高气温为30~35度,最低气温为25~30度,阵雨,无持续风向,微风
最高气温为30~35度,最低气温为20~25度,阵雨转多云,无持续风向,微风
最高气温为35~40度,最低气温为25~30度,多云转晴,无持续风向,微风
最高气温为35~40度,最低气温为25~30度,晴,无持续风向,微风
最高气温为35~40度,最低气温为25~30度,晴,无持续风向,微风
最高气温为35~40度,最低气温为25~30度,晴,无持续风向,微风
最高气温为35~40度,最低气温为25~30度,多云,无持续风向,微风
最高气温为30~35度,最低气温为25~30度,多云,无持续风向,微风
最高气温为30~35度,最低气温为25~30度,雷阵雨转阵雨,无持续风向,微风
最高气温为30~35度,最低气温为25~30度,中到大雨,无持续风向,微风
最高气温为30~35度,最低气温为25~30度,中雨转雷阵雨,无持续风向,微风
最高气温为30~35度,最低气温为25~30度,阵雨,无持续风向,微风
最高气温为30~35度,最低气温为25~30度,阵雨转多云,无持续风向,微风
最高气温为35~40度,最低气温为25~30度,晴,无持续风向,微风
最高气温为35~40度,最低气温为25~30度,晴,无持续风向,微风
最高气温为35~40度,最低气温为25~30度,晴,无持续风向,微风
最高气温为35~40度,最低气温为25~30度,晴转多云,无持续风向,微风
最高气温为35~40度,最低气温为25~30度,晴,无持续风向,微风
最高气温为35~40度,最低气温为25~30度,多云,无持续风向,微风
最高气温为35~40度,最低气温为25~30度,多云转雷阵雨,无持续风向,微风
最高气温为35~40度,最低气温为25~30度,阵雨转多云,无持续风向,微风
最高气温为35~40度,最低气温为25~30度,多云转晴,无持续风向,微风
最高气温为35~40度,最低气温为25~30度,雷阵雨转多云,无持续风向,微风
最高气温为35~40度,最低气温为25~30度,多云,无持续风向,微风
最高气温为30~35度,最低气温为25~30度,雷阵雨,无持续风向,微风
最高气温为30~35度,最低气温为25~30度,雷阵雨转多云,无持续风向,微风
最高气温为35~40度,最低气温为25~30度,多云,无持续风向,微风
最高气温为35~40度,最低气温为25~30度,晴,无持续风向,微风
最高气温为35~40度,最低气温为25~30度,晴,无持续风向,微风
最高气温为35~40度,最低气温为25~30度,晴转多云,无持续风向,微风
最高气温为35~40度,最低气温为25~30度,晴,无持续风向,微风
最高气温为35~40度,最低气温为25~30度,多云转雷阵雨,无持续风向,微风
最高气温为25~30度,最低气温为20~25度,中到大雨转大到暴雨,无持续风向,微风
最高气温为30~35度,最低气温为25~30度,大雨,无持续风向,微风
最高气温为30~35度,最低气温为25~30度,中雨转阵雨,无持续风向,微风
最高气温为30~35度,最低气温为25~30度,阴转多云,无持续风向,微风
最高气温为30~35度,最低气温为25~30度,多云,无持续风向,微风
最高气温为30~35度,最低气温为25~30度,多云,无持续风向,微风
最高气温为30~35度,最低气温为25~30度,阵雨转多云,无持续风向,微风
最高气温为35~40度,最低气温为25~30度,多云,无持续风向,微风
最高气温为35~40度,最低气温为25~30度,多云,无持续风向,微风
最高气温为30~35度,最低气温为25~30度,阵雨转多云,无持续风向,微风
最高气温为30~35度,最低气温为20~25度,雷阵雨转阵雨,无持续风向,微风
最高气温为30~35度,最低气温为20~25度,阵雨转多云,无持续风向,微风
最高气温为30~35度,最低气温为25~30度,多云转阵雨,无持续风向,微风
最高气温为30~35度,最低气温为25~30度,多云,无持续风向,微风
最高气温为30~35度,最低气温为25~30度,雷阵雨转阴,无持续风向,微风
最高气温为30~35度,最低气温为20~25度,多云,无持续风向,微风
最高气温为30~35度,最低气温为20~25度,阵雨,无持续风向,微风
最高气温为35~40度,最低气温为20~25度,多云,无持续风向,微风
最高气温为30~35度,最低气温为20~25度,阵雨转多云,无持续风向,微风
最高气温为30~35度,最低气温为20~25度,晴,北风,3-4级
最高气温为25~30度,最低气温为20~25度,晴,无持续风向,微风
最高气温为25~30度,最低气温为20~25度,晴,无持续风向,微风
最高气温为30~35度,最低气温为20~25度,晴转多云,无持续风向,微风
最高气温为25~30度,最低气温为20~25度,阵雨,无持续风向,微风
最高气温为25~30度,最低气温为20~25度,阵雨转多云,无持续风向,微风
最高气温为30~35度,最低气温为20~25度,多云,无持续风向,微风
最高气温为30~35度,最低气温为20~25度,晴,无持续风向,微风
最高气温为30~35度,最低气温为20~25度,晴转阵雨,无持续风向转东风,微风转3-4级
最高气温为25~30度,最低气温为20~25度,中到大雨转大到暴雨,东北风转东风,4-5级
最高气温为30~35度,最低气温为20~25度,中雨转阵雨,无持续风向,微风
最高气温为30~35度,最低气温为20~25度,多云,无持续风向,微风
最高气温为30~35度,最低气温为20~25度,多云,无持续风向,微风
最高气温为25~30度,最低气温为20~25度,阵雨,东北风,3-4级
最高气温为25~30度,最低气温为15~20度,阵雨,北风,3-4级
最高气温为25~30度,最低气温为20~25度,多云转阵雨,无持续风向,微风
最高气温为25~30度,最低气温为20~25度,多云,无持续风向,微风
最高气温为25~30度,最低气温为20~25度,多云,无持续风向,微风
最高气温为30~35度,最低气温为20~25度,晴,无持续风向,微风
最高气温为30~35度,最低气温为20~25度,晴转多云,无持续风向,微风
最高气温为30~35度,最低气温为20~25度,多云转阵雨,无持续风向,微风
最高气温为25~30度,最低气温为20~25度,阵雨,无持续风向,微风
最高气温为25~30度,最低气温为20~25度,阵雨转中到大雨,无持续风向,微风
最高气温为25~30度,最低气温为20~25度,大雨,无持续风向,微风
最高气温为25~30度,最低气温为20~25度,阵雨转多云,无持续风向,微风
最高气温为25~30度,最低气温为15~20度,多云,无持续风向,微风
最高气温为25~30度,最低气温为15~20度,多云,无持续风向,微风
最高气温为25~30度,最低气温为15~20度,晴,无持续风向,微风
最高气温为25~30度,最低气温为15~20度,晴,无持续风向,微风
最高气温为30~35度,最低气温为15~20度,晴,无持续风向,微风
最高气温为25~30度,最低气温为15~20度,晴,无持续风向,微风
最高气温为25~30度,最低气温为15~20度,晴,无持续风向,微风
最高气温为30~35度,最低气温为15~20度,晴,无持续风向,微风
最高气温为30~35度,最低气温为20~25度,多云,无持续风向,微风
最高气温为25~30度,最低气温为15~20度,多云,无持续风向,微风
最高气温为25~30度,最低气温为15~20度,多云,无持续风向,微风
最高气温为25~30度,最低气温为15~20度,多云,无持续风向,微风
最高气温为25~30度,最低气温为20~25度,多云,无持续风向,微风
最高气温为25~30度,最低气温为15~20度,多云,无持续风向,微风
最高气温为25~30度,最低气温为15~20度,多云,无持续风向,微风
最高气温为25~30度,最低气温为15~20度,多云,无持续风向,微风
最高气温为25~30度,最低气温为15~20度,多云,无持续风向,微风
最高气温为25~30度,最低气温为15~20度,多云,无持续风向,微风
最高气温为25~30度,最低气温为15~20度,多云,无持续风向,微风
最高气温为25~30度,最低气温为15~20度,多云转小雨,无持续风向,微风
最高气温为30~35度,最低气温为20~25度,多云,无持续风向,微风
最高气温为30~35度,最低气温为20~25度,多云,无持续风向,微风
最高气温为30~35度,最低气温为20~25度,多云,无持续风向,微风
最高气温为30~35度,最低气温为20~25度,多云转小雨,无持续风向,微风
最高气温为25~30度,最低气温为15~20度,大雨,无持续风向,微风
最高气温为15~20度,最低气温为15~20度,大雨转中雨,北风,4-5级
最高气温为20~25度,最低气温为15~20度,多云,东北风,3-4级
最高气温为20~25度,最低气温为15~20度,多云,无持续风向,微风
最高气温为25~30度,最低气温为15~20度,晴转多云,无持续风向,微风
最高气温为25~30度,最低气温为15~20度,晴转多云,无持续风向,微风
最高气温为25~30度,最低气温为15~20度,晴转多云,无持续风向,微风
最高气温为25~30度,最低气温为20~25度,多云,无持续风向,微风
最高气温为25~30度,最低气温为15~20度,多云,无持续风向,微风
最高气温为25~30度,最低气温为20~25度,小雨转中雨,无持续风向,微风
最高气温为20~25度,最低气温为20~25度,小雨转小到中雨,无持续风向,微风
最高气温为25~30度,最低气温为15~20度,阴转多云,无持续风向,微风
最高气温为25~30度,最低气温为15~20度,晴,无持续风向,微风
最高气温为20~25度,最低气温为15~20度,多云转阴,无持续风向,微风
最高气温为20~25度,最低气温为15~20度,阴转多云,无持续风向,微风
最高气温为25~30度,最低气温为15~20度,晴,无持续风向,微风
最高气温为25~30度,最低气温为15~20度,晴转多云,无持续风向,微风
最高气温为20~25度,最低气温为15~20度,阴,无持续风向,微风
最高气温为20~25度,最低气温为15~20度,小雨转多云,无持续风向,微风
最高气温为25~30度,最低气温为10~15度,多云,无持续风向,微风
最高气温为25~30度,最低气温为10~15度,晴,无持续风向,微风
最高气温为25~30度,最低气温为15~20度,晴转多云,无持续风向,微风
最高气温为20~25度,最低气温为10~15度,多云转阴,北风,3-4级
最高气温为15~20度,最低气温为5~10度,多云转晴,北风,4-5级转3-4级
最高气温为15~20度,最低气温为5~10度,晴,北风转无持续风向,3-4级转微风
最高气温为15~20度,最低气温为5~10度,晴,无持续风向,微风
最高气温为20~25度,最低气温为10~15度,晴转多云,无持续风向,微风
最高气温为20~25度,最低气温为10~15度,晴转多云,无持续风向,微风
最高气温为20~25度,最低气温为15~20度,阴,无持续风向,微风
最高气温为25~30度,最低气温为15~20度,多云转小雨,无持续风向转北风,微风转3-4级
最高气温为15~20度,最低气温为5~10度,阴,北风,3-4级
最高气温为10~15度,最低气温为5~10度,阴转多云,北风,4-5级
最高气温为15~20度,最低气温为0~5度,多云转晴,北风,3-4级
最高气温为15~20度,最低气温为0~5度,晴,北风转无持续风向,3-4级转微风
最高气温为15~20度,最低气温为5~10度,晴,无持续风向,微风
最高气温为20~25度,最低气温为10~15度,晴转多云,无持续风向,微风
最高气温为20~25度,最低气温为10~15度,多云转阴,无持续风向,微风
最高气温为15~20度,最低气温为10~15度,多云,北风,3-4级转4-5级
最高气温为15~20度,最低气温为5~10度,多云,北风,4-5级
最高气温为15~20度,最低气温为5~10度,多云转晴,北风转无持续风向,3-4级转微风
最高气温为15~20度,最低气温为5~10度,多云转晴,无持续风向,微风
最高气温为20~25度,最低气温为10~15度,晴转多云,无持续风向,微风
最高气温为20~25度,最低气温为10~15度,晴转多云,无持续风向,微风
最高气温为20~25度,最低气温为10~15度,阴,无持续风向,微风
最高气温为15~20度,最低气温为10~15度,多云,北风,3-4级
最高气温为15~20度,最低气温为5~10度,晴,北风,3-4级
最高气温为15~20度,最低气温为5~10度,晴,无持续风向,微风
最高气温为15~20度,最低气温为5~10度,晴,无持续风向,微风
最高气温为15~20度,最低气温为10~15度,多云,无持续风向,微风
最高气温为20~25度,最低气温为10~15度,多云,无持续风向,微风
最高气温为20~25度,最低气温为10~15度,多云,无持续风向,微风
最高气温为20~25度,最低气温为10~15度,多云转阴,无持续风向,微风
最高气温为20~25度,最低气温为10~15度,多云,北风,3-4级
最高气温为15~20度,最低气温为10~15度,多云,无持续风向,微风
最高气温为20~25度,最低气温为10~15度,多云,无持续风向,微风
最高气温为15~20度,最低气温为10~15度,多云,无持续风向,微风
最高气温为15~20度,最低气温为5~10度,阴转小雨,无持续风向转北风,微风转3-4级
最高气温为10~15度,最低气温为5~10度,小雨,北风,3-4级
最高气温为5~10度,最低气温为5~10度,小雨,北风,3-4级
最高气温为5~10度,最低气温为5~10度,小雨转阴,无持续风向,微风
最高气温为10~15度,最低气温为5~10度,阴,无持续风向,微风
最高气温为15~20度,最低气温为5~10度,多云,无持续风向,微风
最高气温为15~20度,最低气温为5~10度,多云,无持续风向,微风
最高气温为20~25度,最低气温为5~10度,多云,无持续风向,微风
最高气温为15~20度,最低气温为10~15度,阴,无持续风向,微风
最高气温为10~15度,最低气温为10~15度,小雨,无持续风向,微风
最高气温为15~20度,最低气温为10~15度,小雨,无持续风向,微风
最高气温为15~20度,最低气温为10~15度,小雨转中到大雨,无持续风向,微风
最高气温为15~20度,最低气温为10~15度,阴转多云,无持续风向,微风
最高气温为15~20度,最低气温为10~15度,阴转多云,无持续风向,微风
最高气温为20~25度,最低气温为10~15度,多云,无持续风向,微风
最高气温为20~25度,最低气温为15~20度,阴,无持续风向,微风
最高气温为15~20度,最低气温为10~15度,小雨,无持续风向,微风
最高气温为10~15度,最低气温为5~10度,小雨转小到中雨,北风,3-4级
最高气温为5~10度,最低气温为0~5度,小雨,北风,3-4级
最高气温为5~10度,最低气温为5~10度,小雨,北风,3-4级
最高气温为5~10度,最低气温为5~10度,小雨,北风,3-4级
最高气温为5~10度,最低气温为0~5度,阴,北风转无持续风向,3-4级转微风
最高气温为5~10度,最低气温为0~5度,小雨转阴,无持续风向,微风
最高气温为10~15度,最低气温为5~10度,阴转多云,无持续风向,微风
最高气温为15~20度,最低气温为10~15度,雾,无持续风向,微风
最高气温为10~15度,最低气温为5~10度,阴,北风,3-4级
最高气温为15~20度,最低气温为5~10度,多云,无持续风向,微风
最高气温为15~20度,最低气温为10~15度,多云,无持续风向,微风
最高气温为15~20度,最低气温为10~15度,多云,无持续风向,微风
最高气温为10~15度,最低气温为10~15度,阴,北风,3-4级
最高气温为10~15度,最低气温为5~10度,小雨转阴,无持续风向,微风
最高气温为15~20度,最低气温为10~15度,阴,无持续风向,微风
最高气温为20~25度,最低气温为10~15度,阴转雾,无持续风向,微风
最高气温为20~25度,最低气温为10~15度,小雨,无持续风向转北风,微风转3-4级
最高气温为15~20度,最低气温为5~10度,多云,北风,3-4级
最高气温为10~15度,最低气温为10~15度,阴,无持续风向,微风
最高气温为10~15度,最低气温为5~10度,阴,无持续风向,微风
最高气温为10~15度,最低气温为5~10度,小雨,北风转东北风,3-4级
最高气温为10~15度,最低气温为5~10度,阴,无持续风向,微风
最高气温为15~20度,最低气温为5~10度,阴,无持续风向,微风
最高气温为20~25度,最低气温为10~15度,多云转阴,无持续风向,微风
最高气温为25~30度,最低气温为15~20度,多云转雾,无持续风向,微风
最高气温为25~30度,最低气温为10~15度,多云转小雨,无持续风向,微风
最高气温为10~15度,最低气温为10~15度,小雨,北风,3-4级
最高气温为10~15度,最低气温为5~10度,阴,北风,3-4级
最高气温为15~20度,最低气温为5~10度,阴,北风,3-4级
最高气温为15~20度,最低气温为10~15度,多云,无持续风向,微风
最高气温为15~20度,最低气温为10~15度,多云,无持续风向,微风
最高气温为20~25度,最低气温为15~20度,阴,无持续风向,微风
最高气温为20~25度,最低气温为15~20度,小雨,无持续风向,微风
最高气温为20~25度,最低气温为15~20度,小雨,无持续风向,微风
最高气温为25~30度,最低气温为15~20度,小雨,无持续风向转东北风,微风转3-4级
最高气温为15~20度,最低气温为10~15度,小雨,北风,3-4级
最高气温为10~15度,最低气温为5~10度,阴,北风,3-4级
最高气温为5~10度,最低气温为5~10度,小雨转小到中雨,无持续风向,微风
最高气温为10~15度,最低气温为5~10度,小雨转阴,无持续风向,微风
最高气温为15~20度,最低气温为10~15度,小雨,无持续风向,微风
最高气温为15~20度,最低气温为10~15度,雾,无持续风向,微风
最高气温为20~25度,最低气温为15~20度,雾,无持续风向,微风
最高气温为15~20度,最低气温为15~20度,阴,无持续风向,微风
最高气温为20~25度,最低气温为15~20度,小雨转中到大雨,无持续风向,微风
最高气温为20~25度,最低气温为15~20度,中雨,无持续风向,微风
最高气温为25~30度,最低气温为20~25度,中雨转小雨,无持续风向,微风
最高气温为15~20度,最低气温为15~20度,小雨,无持续风向,微风
最高气温为15~20度,最低气温为10~15度,小雨,北风,3-4级
最高气温为10~15度,最低气温为5~10度,小雨,北风,3-4级
最高气温为10~15度,最低气温为5~10度,阴转小雨,北风,3-4级
最高气温为10~15度,最低气温为5~10度,小雨,无持续风向,微风
最高气温为10~15度,最低气温为10~15度,阴,无持续风向,微风
最高气温为15~20度,最低气温为10~15度,小雨转阴,无持续风向,微风
最高气温为15~20度,最低气温为10~15度,小雨转阴,无持续风向,微风
最高气温为20~25度,最低气温为15~20度,阴转小雨,无持续风向,微风
最高气温为20~25度,最低气温为15~20度,小雨,无持续风向,微风
最高气温为25~30度,最低气温为20~25度,小雨,无持续风向,微风
最高气温为25~30度,最低气温为20~25度,阴,无持续风向,微风
最高气温为20~25度,最低气温为15~20度,小雨,无持续风向,微风
最高气温为20~25度,最低气温为15~20度,小雨,无持续风向,微风
最高气温为20~25度,最低气温为15~20度,阴,无持续风向,微风
最高气温为25~30度,最低气温为15~20度,阴转阵雨,无持续风向,微风
最高气温为20~25度,最低气温为10~15度,小雨转阵雨,北风,3-4级
最高气温为20~25度,最低气温为10~15度,晴,北风转无持续风向,3-4级转微风
最高气温为20~25度,最低气温为10~15度,晴转多云,无持续风向,微风
最高气温为25~30度,最低气温为10~15度,晴转多云,无持续风向,微风
最高气温为25~30度,最低气温为10~15度,晴转多云,无持续风向,微风
最高气温为25~30度,最低气温为15~20度,晴转多云,无持续风向,微风
最高气温为25~30度,最低气温为15~20度,多云,无持续风向,微风
最高气温为25~30度,最低气温为15~20度,多云转阵雨,无持续风向转北风,微风转3-4级
最高气温为25~30度,最低气温为15~20度,多云转晴,北风,3-4级
最高气温为25~30度,最低气温为20~25度,中雨,南风,小于3级
最高气温为25~30度,最低气温为20~25度,中雨,南风,小于3级
最高气温为20~25度,最低气温为20~25度,中雨,南风,小于3级
最高气温为25~30度,最低气温为20~25度,中雨,南风,小于3级
最高气温为25~30度,最低气温为20~25度,中雨,南风,小于3级
最高气温为25~30度,最低气温为20~25度,中雨,南风,小于3级
最高气温为25~30度,最低气温为20~25度,中雨,南风,小于3级
最高气温为25~30度,最低气温为20~25度,中雨,南风,小于3级
最高气温为25~30度,最低气温为20~25度,中雨,南风,小于3级
最高气温为25~30度,最低气温为20~25度,中雨,南风,小于3级
最高气温为25~30度,最低气温为20~25度,中雨,南风,小于3级
最高气温为25~30度,最低气温为20~25度,中雨,南风,小于3级
最高气温为25~30度,最低气温为20~25度,雷阵雨转阵雨,东风,小于3级
最高气温为30~35度,最低气温为20~25度,多云转雷阵雨,东南风,小于3级
最高气温为25~30度,最低气温为20~25度,暴雨,南风,小于3级
最高气温为25~30度,最低气温为20~25度,雷阵雨转中到大雨,北风,小于3级
最高气温为25~30度,最低气温为20~25度,中雨转大雨,东南风,小于3级
最高气温为20~25度,最低气温为20~25度,暴雨,南风,小于3级
最高气温为20~25度,最低气温为20~25度,暴雨,东南风,小于3级
最高气温为20~25度,最低气温为20~25度,暴雨,西北风,小于3级
最高气温为25~30度,最低气温为15~20度,阴转多云,西北风,小于3级
最高气温为30~35度,最低气温为20~25度,多云,南风,小于3级
最高气温为25~30度,最低气温为20~25度,阵雨转雷阵雨,东南风,小于3级
最高气温为25~30度,最低气温为20~25度,阵雨转暴雨,南风,小于3级
最高气温为25~30度,最低气温为20~25度,雷阵雨转多云,北风,3-4级转小于3级
最高气温为25~30度,最低气温为20~25度,多云转阵雨,北风,小于3级
最高气温为20~25度,最低气温为20~25度,大雨转中雨,南风,小于3级
最高气温为25~30度,最低气温为20~25度,雷阵雨,东南风,小于3级
最高气温为30~35度,最低气温为20~25度,多云转雷阵雨,东南风,小于3级
最高气温为30~35度,最低气温为25~30度,雷阵雨转中到大雨,东南风,小于3级
最高气温为30~35度,最低气温为25~30度,雷阵雨,东南风,小于3级
最高气温为30~35度,最低气温为25~30度,阵雨转多云,北风,小于3级
最高气温为30~35度,最低气温为25~30度,雷阵雨,东北风,小于3级
最高气温为30~35度,最低气温为20~25度,雷阵雨,南风,小于3级
最高气温为30~35度,最低气温为20~25度,多云,东北风,小于3级
最高气温为30~35度,最低气温为20~25度,雷阵雨转多云,东风,小于3级
最高气温为30~35度,最低气温为25~30度,多云转晴,东南风,小于3级
最高气温为35~40度,最低气温为25~30度,晴,东南风,小于3级
最高气温为30~35度,最低气温为25~30度,多云转雷阵雨,东风,小于3级
最高气温为30~35度,最低气温为25~30度,中雨转雷阵雨,东南风,小于3级
最高气温为30~35度,最低气温为25~30度,雷阵雨,东风,小于3级
最高气温为30~35度,最低气温为25~30度,雷阵雨,南风,小于3级
最高气温为30~35度,最低气温为25~30度,雷阵雨转暴雨,北风,小于3级
最高气温为30~35度,最低气温为25~30度,大雨转雷阵雨,南风,小于3级
最高气温为30~35度,最低气温为20~25度,雷阵雨,北风,小于3级
最高气温为30~35度,最低气温为20~25度,雷阵雨,东北风,小于3级
最高气温为25~30度,最低气温为25~30度,大雨,东北风,小于3级
最高气温为30~35度,最低气温为20~25度,阵雨转大雨,东风,小于3级
最高气温为25~30度,最低气温为20~25度,中雨转雷阵雨,北风,小于3级
最高气温为30~35度,最低气温为20~25度,多云转晴,北风,小于3级
最高气温为30~35度,最低气温为20~25度,多云,东北风,小于3级
最高气温为30~35度,最低气温为20~25度,多云,北风,小于3级
最高气温为30~35度,最低气温为20~25度,多云,东南风,小于3级
最高气温为30~35度,最低气温为20~25度,多云,北风,小于3级
最高气温为30~35度,最低气温为20~25度,多云转雷阵雨,东风,小于3级
最高气温为25~30度,最低气温为20~25度,雷阵雨转大雨,南风,小于3级
最高气温为30~35度,最低气温为20~25度,雷阵雨,东北风,小于3级
最高气温为30~35度,最低气温为25~30度,阵雨转多云,东南风,小于3级
最高气温为30~35度,最低气温为20~25度,阵雨转中雨,南风,小于3级
最高气温为30~35度,最低气温为20~25度,阵雨转多云,东南风,小于3级
最高气温为30~35度,最低气温为20~25度,多云,东风,小于3级
最高气温为30~35度,最低气温为20~25度,多云,西北风,小于3级
最高气温为30~35度,最低气温为20~25度,多云,东北风,小于3级
最高气温为30~35度,最低气温为20~25度,多云,西南风,小于3级
最高气温为30~35度,最低气温为20~25度,多云,南风,小于3级
最高气温为30~35度,最低气温为20~25度,多云,南风,小于3级
最高气温为35~40度,最低气温为25~30度,多云,南风,小于3级
最高气温为35~40度,最低气温为25~30度,多云,东南风,小于3级
最高气温为30~35度,最低气温为25~30度,阵雨,南风,小于3级
最高气温为30~35度,最低气温为25~30度,多云,西南风,小于3级
最高气温为30~35度,最低气温为25~30度,雷阵雨,南风,小于3级
最高气温为30~35度,最低气温为25~30度,暴雨,西北风,小于3级
最高气温为30~35度,最低气温为25~30度,阵雨转雷阵雨,西南风,小于3级
最高气温为30~35度,最低气温为25~30度,阵雨转雷阵雨,东南风,小于3级
最高气温为30~35度,最低气温为20~25度,阵雨,南风,小于3级
最高气温为30~35度,最低气温为25~30度,雷阵雨,西南风,小于3级
最高气温为25~30度,最低气温为20~25度,大雨转暴雨,东风,小于3级
最高气温为25~30度,最低气温为20~25度,中雨转中到大雨,东南风,小于3级
最高气温为30~35度,最低气温为25~30度,阵雨转多云,东北风,3-4级转小于3级
最高气温为30~35度,最低气温为25~30度,多云转阵雨,北风,小于3级
最高气温为25~30度,最低气温为25~30度,雷阵雨转大雨,西南风,小于3级
最高气温为30~35度,最低气温为25~30度,暴雨转中到大雨,东南风,小于3级
最高气温为30~35度,最低气温为25~30度,阵雨转中雨,东北风,小于3级
最高气温为30~35度,最低气温为25~30度,雷阵雨,东风,小于3级
最高气温为30~35度,最低气温为25~30度,中雨,东南风,小于3级
最高气温为30~35度,最低气温为25~30度,雷阵雨,南风,小于3级
最高气温为30~35度,最低气温为25~30度,阵雨转多云,东南风,小于3级
最高气温为30~35度,最低气温为25~30度,多云,南风,小于3级
最高气温为35~40度,最低气温为25~30度,多云,南风,小于3级转3-4级
最高气温为25~30度,最低气温为20~25度,阵雨转暴雨,东风,3-4级转5-6级
最高气温为30~35度,最低气温为25~30度,阵雨,东风,3-4级转小于3级
最高气温为35~40度,最低气温为25~30度,多云,东南风,小于3级
最高气温为30~35度,最低气温为20~25度,多云,南风,小于3级
最高气温为30~35度,最低气温为20~25度,多云,南风,小于3级
最高气温为30~35度,最低气温为20~25度,多云转雷阵雨,东北风,小于3级
最高气温为30~35度,最低气温为25~30度,阵雨,东南风,小于3级
最高气温为30~35度,最低气温为25~30度,阵雨,西南风,小于3级
最高气温为30~35度,最低气温为25~30度,阵雨,东南风,小于3级
最高气温为30~35度,最低气温为25~30度,多云,南风,小于3级
最高气温为35~40度,最低气温为25~30度,晴,南风,小于3级
最高气温为35~40度,最低气温为25~30度,晴,东南风,小于3级
最高气温为35~40度,最低气温为25~30度,晴,东南风,小于3级
最高气温为30~35度,最低气温为25~30度,晴转多云,东南风,小于3级
最高气温为35~40度,最低气温为25~30度,多云转阵雨,东南风,小于3级
最高气温为35~40度,最低气温为25~30度,多云,南风,小于3级
最高气温为35~40度,最低气温为25~30度,多云转阵雨,南风,小于3级
最高气温为30~35度,最低气温为25~30度,多云转雷阵雨,东南风,小于3级
最高气温为30~35度,最低气温为25~30度,多云转雷阵雨,东南风,小于3级
最高气温为30~35度,最低气温为25~30度,多云,西南风,小于3级
最高气温为35~40度,最低气温为25~30度,多云转晴,西风,小于3级
最高气温为35~40度,最低气温为25~30度,多云转晴,北风,小于3级
最高气温为35~40度,最低气温为25~30度,多云转雷阵雨,西北风,小于3级转3-4级
最高气温为30~35度,最低气温为25~30度,中雨,东风,4-5级
最高气温为25~30度,最低气温为25~30度,大雨转暴雨,东北风,4-5级转5-6级
最高气温为25~30度,最低气温为25~30度,暴雨,东风,4-5级转3-4级
最高气温为25~30度,最低气温为20~25度,暴雨转大雨,东南风,3-4级转小于3级
最高气温为25~30度,最低气温为20~25度,大雨,东风,3-4级转小于3级
最高气温为25~30度,最低气温为25~30度,阵雨,东北风,小于3级
最高气温为25~30度,最低气温为20~25度,阵雨转多云,东北风,小于3级
最高气温为30~35度,最低气温为20~25度,多云,西风,小于3级
最高气温为35~40度,最低气温为20~25度,晴,西北风,小于3级
最高气温为35~40度,最低气温为20~25度,晴,北风,小于3级
最高气温为35~40度,最低气温为25~30度,晴,北风,小于3级
最高气温为35~40度,最低气温为25~30度,晴转多云,北风,小于3级
最高气温为30~35度,最低气温为25~30度,阵雨,西北风,小于3级
最高气温为30~35度,最低气温为25~30度,阵雨,北风,小于3级
最高气温为30~35度,最低气温为25~30度,多云,北风,小于3级
最高气温为30~35度,最低气温为25~30度,多云,北风,小于3级
最高气温为35~40度,最低气温为25~30度,多云,东北风,小于3级
最高气温为30~35度,最低气温为25~30度,多云转雷阵雨,北风,小于3级
最高气温为35~40度,最低气温为25~30度,多云,南风,小于3级
最高气温为35~40度,最低气温为25~30度,多云,西南风,小于3级
最高气温为30~35度,最低气温为25~30度,多云转雷阵雨,西北风,小于3级
最高气温为30~35度,最低气温为25~30度,雷阵雨,北风,小于3级
最高气温为30~35度,最低气温为25~30度,阵雨,东北风,小于3级
最高气温为35~40度,最低气温为25~30度,多云,南风,小于3级
最高气温为35~40度,最低气温为25~30度,多云转雷阵雨,北风,小于3级转3-4级
最高气温为30~35度,最低气温为25~30度,雷阵雨转大雨,东北风,4-5级
最高气温为30~35度,最低气温为25~30度,雷阵雨,东南风,3-4级转小于3级
最高气温为30~35度,最低气温为25~30度,阵雨,西风,小于3级
最高气温为35~40度,最低气温为25~30度,多云,北风,小于3级
最高气温为35~40度,最低气温为25~30度,多云,东北风,小于3级
最高气温为30~35度,最低气温为25~30度,雷阵雨,东北风,小于3级
最高气温为30~35度,最低气温为25~30度,雷阵雨转多云,东北风,小于3级
最高气温为35~40度,最低气温为25~30度,多云,北风,小于3级
最高气温为30~35度,最低气温为25~30度,多云,北风,小于3级
最高气温为30~35度,最低气温为25~30度,多云,北风,3-4级
最高气温为35~40度,最低气温为25~30度,晴,北风,小于3级
最高气温为35~40度,最低气温为20~25度,多云转晴,北风,小于3级
最高气温为30~35度,最低气温为25~30度,晴转多云,北风,小于3级
最高气温为30~35度,最低气温为25~30度,多云,东北风,小于3级
最高气温为30~35度,最低气温为25~30度,多云转雷阵雨,北风,小于3级
最高气温为30~35度,最低气温为25~30度,多云转雷阵雨,东北风,小于3级
最高气温为30~35度,最低气温为25~30度,雷阵雨,东风,小于3级
最高气温为30~35度,最低气温为20~25度,雷阵雨,南风,小于3级
最高气温为30~35度,最低气温为20~25度,雷阵雨转多云,北风,小于3级
最高气温为30~35度,最低气温为25~30度,雷阵雨转多云,东北风,小于3级
最高气温为30~35度,最低气温为20~25度,多云,北风,小于3级
最高气温为30~35度,最低气温为20~25度,多云,西北风,小于3级
最高气温为30~35度,最低气温为20~25度,雷阵雨,西北风,小于3级
最高气温为30~35度,最低气温为20~25度,多云,北风,小于3级
最高气温为35~40度,最低气温为25~30度,多云,南风,小于3级
最高气温为30~35度,最低气温为25~30度,多云,西北风,小于3级
最高气温为30~35度,最低气温为20~25度,多云,南风,小于3级
最高气温为30~35度,最低气温为25~30度,多云转雷阵雨,东北风,小于3级转3-4级
最高气温为30~35度,最低气温为20~25度,阵雨转阴,北风,3-4级
最高气温为30~35度,最低气温为20~25度,多云转晴,东北风,3-4级
最高气温为30~35度,最低气温为20~25度,晴,北风,3-4级
最高气温为30~35度,最低气温为20~25度,晴,北风,3-4级
最高气温为30~35度,最低气温为15~20度,晴,北风,3-4级转小于3级
最高气温为30~35度,最低气温为20~25度,多云,西北风,小于3级
最高气温为30~35度,最低气温为20~25度,多云,北风,小于3级
最高气温为30~35度,最低气温为20~25度,多云,西北风,小于3级
最高气温为30~35度,最低气温为20~25度,多云,东北风,小于3级
最高气温为30~35度,最低气温为20~25度,多云转阵雨,南风,小于3级
最高气温为30~35度,最低气温为25~30度,多云,南风,小于3级
最高气温为30~35度,最低气温为20~25度,多云,西南风,小于3级
最高气温为30~35度,最低气温为20~25度,多云,北风,小于3级
最高气温为30~35度,最低气温为20~25度,多云,东北风,小于3级
最高气温为30~35度,最低气温为20~25度,晴,北风,3-4级
最高气温为30~35度,最低气温为20~25度,晴,北风,3-4级
最高气温为30~35度,最低气温为20~25度,晴,西北风,3-4级转小于3级
最高气温为30~35度,最低气温为15~20度,晴,北风,3-4级
最高气温为30~35度,最低气温为15~20度,晴,北风,3-4级
最高气温为30~35度,最低气温为15~20度,晴,北风,小于3级
最高气温为30~35度,最低气温为15~20度,晴,北风,小于3级
最高气温为30~35度,最低气温为20~25度,晴,北风,小于3级
最高气温为30~35度,最低气温为15~20度,晴,北风,小于3级
最高气温为30~35度,最低气温为20~25度,晴,西北风,小于3级
最高气温为30~35度,最低气温为20~25度,晴,北风,小于3级
最高气温为30~35度,最低气温为20~25度,晴,西北风,小于3级
最高气温为30~35度,最低气温为20~25度,晴,北风,小于3级
最高气温为30~35度,最低气温为20~25度,晴,北风,小于3级
最高气温为30~35度,最低气温为15~20度,晴,北风,小于3级
最高气温为30~35度,最低气温为15~20度,晴,北风,小于3级
最高气温为30~35度,最低气温为15~20度,晴,北风,小于3级
最高气温为30~35度,最低气温为20~25度,晴,北风,小于3级
最高气温为30~35度,最低气温为20~25度,晴,北风,小于3级
最高气温为25~30度,最低气温为20~25度,多云转阴,北风,小于3级转3-4级
最高气温为25~30度,最低气温为15~20度,多云转晴,北风,3-4级转小于3级
最高气温为25~30度,最低气温为15~20度,多云转晴,北风,3-4级转小于3级
最高气温为25~30度,最低气温为15~20度,晴,西风,小于3级
最高气温为25~30度,最低气温为15~20度,晴,西北风,小于3级
最高气温为25~30度,最低气温为15~20度,晴,北风,小于3级
最高气温为25~30度,最低气温为15~20度,多云,北风,3-4级
最高气温为30~35度,最低气温为15~20度,晴,西南风,小于3级
最高气温为30~35度,最低气温为15~20度,晴,北风,小于3级
最高气温为30~35度,最低气温为20~25度,晴,北风,小于3级
最高气温为25~30度,最低气温为20~25度,多云转阵雨,北风,小于3级
最高气温为25~30度,最低气温为20~25度,阴转多云,东北风,小于3级
最高气温为25~30度,最低气温为20~25度,多云,北风,小于3级
最高气温为20~25度,最低气温为15~20度,多云转大雨,北风,小于3级转3-4级
最高气温为20~25度,最低气温为15~20度,阴转多云,北风,3-4级
最高气温为20~25度,最低气温为10~15度,晴,北风,3-4级转小于3级
最高气温为25~30度,最低气温为10~15度,晴,北风,小于3级
最高气温为25~30度,最低气温为10~15度,晴转多云,北风,小于3级
最高气温为25~30度,最低气温为15~20度,阴转多云,北风,小于3级转3-4级
最高气温为25~30度,最低气温为15~20度,多云转晴,东北风,小于3级
最高气温为25~30度,最低气温为15~20度,多云转晴,北风,小于3级
最高气温为25~30度,最低气温为15~20度,晴转多云,北风,小于3级
最高气温为25~30度,最低气温为15~20度,多云,东南风,小于3级
最高气温为25~30度,最低气温为20~25度,多云,东风,小于3级
最高气温为25~30度,最低气温为20~25度,多云转小雨,南风,小于3级转3-4级
最高气温为20~25度,最低气温为15~20度,小雨,北风,3-4级
最高气温为20~25度,最低气温为15~20度,多云,北风,3-4级转小于3级
最高气温为20~25度,最低气温为15~20度,多云,北风,小于3级
最高气温为25~30度,最低气温为15~20度,晴,北风,小于3级
最高气温为25~30度,最低气温为15~20度,多云,南风,小于3级
最高气温为25~30度,最低气温为15~20度,多云转大雨,北风,小于3级
最高气温为20~25度,最低气温为15~20度,大雨转阴,北风,3-4级
最高气温为20~25度,最低气温为10~15度,多云,北风,小于3级
最高气温为20~25度,最低气温为15~20度,多云,北风,小于3级
最高气温为25~30度,最低气温为15~20度,多云,北风,小于3级
最高气温为20~25度,最低气温为15~20度,小雨,东风,小于3级
最高气温为25~30度,最低气温为20~25度,小雨,东风,小于3级
最高气温为20~25度,最低气温为15~20度,小雨转中雨,东南风,小于3级转3-4级
最高气温为20~25度,最低气温为10~15度,多云,北风,小于3级
最高气温为20~25度,最低气温为15~20度,阴,东北风,小于3级
最高气温为15~20度,最低气温为10~15度,中雨,西北风,3-4级
最高气温为15~20度,最低气温为10~15度,中雨转小雨,北风,4-5级转3-4级
最高气温为15~20度,最低气温为10~15度,小雨转中雨,北风,小于3级
最高气温为15~20度,最低气温为10~15度,暴雨转中雨,北风,小于3级
最高气温为15~20度,最低气温为15~20度,小雨,东北风,小于3级
最高气温为15~20度,最低气温为15~20度,小雨,北风,小于3级
最高气温为15~20度,最低气温为10~15度,中雨转小雨,北风,3-4级转小于3级
最高气温为15~20度,最低气温为10~15度,多云转小雨,北风,小于3级转3-4级
最高气温为15~20度,最低气温为10~15度,阴转小雨,北风,小于3级
最高气温为15~20度,最低气温为10~15度,小雨,北风,小于3级
最高气温为15~20度,最低气温为5~10度,多云,北风,小于3级
最高气温为20~25度,最低气温为10~15度,多云转晴,北风,小于3级
最高气温为20~25度,最低气温为10~15度,多云,北风,小于3级
最高气温为20~25度,最低气温为10~15度,多云,北风,小于3级转3-4级
最高气温为20~25度,最低气温为10~15度,多云,北风,小于3级转3-4级
最高气温为15~20度,最低气温为10~15度,多云,北风,小于3级
最高气温为15~20度,最低气温为10~15度,多云,北风,小于3级
最高气温为20~25度,最低气温为10~15度,多云,西北风,小于3级
最高气温为20~25度,最低气温为15~20度,多云,北风,小于3级
最高气温为20~25度,最低气温为15~20度,多云,北风,小于3级
最高气温为25~30度,最低气温为15~20度,多云转阴,北风,小于3级
最高气温为20~25度,最低气温为15~20度,多云,北风,3-4级
最高气温为15~20度,最低气温为10~15度,小雨,北风,3-4级
最高气温为10~15度,最低气温为5~10度,多云,北风,3-4级转小于3级
最高气温为15~20度,最低气温为10~15度,小雨,东南风,小于3级
最高气温为20~25度,最低气温为15~20度,阴,东南风,小于3级
最高气温为15~20度,最低气温为10~15度,小雨,北风,4-5级转3-4级
最高气温为10~15度,最低气温为5~10度,阴转多云,北风,4-5级转3-4级
最高气温为10~15度,最低气温为0~5度,晴,北风,3-4级转小于3级
最高气温为15~20度,最低气温为5~10度,多云,北风,小于3级
最高气温为15~20度,最低气温为10~15度,多云转阴,北风,小于3级
最高气温为15~20度,最低气温为10~15度,小雨转中雨,北风,小于3级
最高气温为15~20度,最低气温为10~15度,小雨转阴,北风,小于3级
最高气温为15~20度,最低气温为5~10度,多云转小雨,北风,小于3级转4-5级
最高气温为10~15度,最低气温为5~10度,阴转多云,北风,4-5级转3-4级
最高气温为10~15度,最低气温为0~5度,晴,北风,3-4级
最高气温为15~20度,最低气温为0~5度,晴,北风,小于3级
最高气温为15~20度,最低气温为5~10度,多云,北风,小于3级
最高气温为10~15度,最低气温为5~10度,阴,北风,小于3级转3-4级
最高气温为10~15度,最低气温为5~10度,阴转多云,北风,3-4级
最高气温为10~15度,最低气温为5~10度,多云,北风,小于3级
最高气温为10~15度,最低气温为5~10度,阴,北风,小于3级
最高气温为15~20度,最低气温为5~10度,阴转多云,北风,小于3级
最高气温为15~20度,最低气温为5~10度,多云转阴,北风,小于3级
最高气温为10~15度,最低气温为5~10度,阴,北风,3-4级
最高气温为15~20度,最低气温为5~10度,多云,北风,小于3级
最高气温为15~20度,最低气温为5~10度,阴,北风,小于3级
最高气温为15~20度,最低气温为10~15度,多云转阴,北风,小于3级
最高气温为20~25度,最低气温为10~15度,阴转晴,北风,小于3级
最高气温为15~20度,最低气温为5~10度,晴,北风,小于3级
最高气温为20~25度,最低气温为5~10度,晴,北风,小于3级
最高气温为20~25度,最低气温为10~15度,晴,北风,小于3级
最高气温为15~20度,最低气温为10~15度,多云,北风,3-4级
最高气温为15~20度,最低气温为5~10度,晴,东北风,小于3级
最高气温为15~20度,最低气温为5~10度,多云转晴,西北风,小于3级
最高气温为20~25度,最低气温为10~15度,多云,北风,小于3级
最高气温为20~25度,最低气温为15~20度,多云,北风,小于3级
最高气温为20~25度,最低气温为15~20度,阴,北风,小于3级
最高气温为25~30度,最低气温为10~15度,多云,北风,小于3级
最高气温为20~25度,最低气温为10~15度,多云,北风,小于3级
最高气温为20~25度,最低气温为10~15度,阴转多云,东北风,小于3级
最高气温为20~25度,最低气温为10~15度,多云转阴,北风,小于3级
最高气温为20~25度,最低气温为10~15度,多云转晴,北风,小于3级
最高气温为20~25度,最低气温为10~15度,晴转多云,北风,小于3级
最高气温为20~25度,最低气温为10~15度,多云转晴,西北风,小于3级
最高气温为20~25度,最低气温为10~15度,晴转多云,北风,小于3级
最高气温为20~25度,最低气温为10~15度,多云,东北风,小于3级
最高气温为25~30度,最低气温为15~20度,多云,南风,小于3级
最高气温为25~30度,最低气温为15~20度,多云转阴,北风,小于3级
最高气温为20~25度,最低气温为15~20度,小雨,南风,小于3级
最高气温为20~25度,最低气温为15~20度,阴转小雨,北风,小于3级
最高气温为20~25度,最低气温为15~20度,小雨,北风,小于3级
最高气温为25~30度,最低气温为15~20度,多云转阴,北风,小于3级
最高气温为25~30度,最低气温为15~20度,阴,东南风,小于3级
最高气温为20~25度,最低气温为10~15度,小雨,东南风,3-4级转4-5级
最高气温为10~15度,最低气温为5~10度,阴,北风,4-5级转3-4级
最高气温为15~20度,最低气温为5~10度,阴转多云,北风,小于3级
最高气温为15~20度,最低气温为10~15度,多云,北风,小于3级
最高气温为20~25度,最低气温为15~20度,阴,北风,小于3级
最高气温为20~25度,最低气温为10~15度,多云,北风,3-4级转小于3级
最高气温为20~25度,最低气温为10~15度,阴,北风,小于3级
最高气温为20~25度,最低气温为15~20度,小雨转阴,北风,小于3级
最高气温为20~25度,最低气温为10~15度,阴转多云,北风,小于3级
最高气温为20~25度,最低气温为10~15度,多云,北风,小于3级
最高气温为25~30度,最低气温为15~20度,阴转多云,东南风,小于3级
最高气温为20~25度,最低气温为10~15度,多云转阴,北风,小于3级转3-4级
最高气温为15~20度,最低气温为10~15度,阴,北风,3-4级
最高气温为15~20度,最低气温为10~15度,多云,北风,小于3级
最高气温为20~25度,最低气温为10~15度,多云,西北风,小于3级转3-4级
最高气温为20~25度,最低气温为10~15度,晴,北风,3-4级转小于3级
最高气温为20~25度,最低气温为10~15度,多云,西北风,小于3级
最高气温为20~25度,最低气温为15~20度,多云,北风,小于3级
最高气温为25~30度,最低气温为15~20度,阴,南风,小于3级
最高气温为25~30度,最低气温为15~20度,阴,南风,小于3级
最高气温为25~30度,最低气温为15~20度,阴,北风,小于3级
最高气温为25~30度,最低气温为20~25度,阴转小雨,东南风,小于3级
最高气温为15~20度,最低气温为10~15度,小雨,东风,3-4级
最高气温为15~20度,最低气温为10~15度,阴转多云,北风,4-5级转3-4级
最高气温为15~20度,最低气温为5~10度,多云转晴,西北风,小于3级
最高气温为20~25度,最低气温为10~15度,晴转多云,北风,小于3级
最高气温为25~30度,最低气温为10~15度,晴,北风,小于3级
最高气温为25~30度,最低气温为10~15度,晴,北风,小于3级
最高气温为25~30度,最低气温为10~15度,晴,北风,小于3级
最高气温为25~30度,最低气温为10~15度,晴,北风,小于3级
最高气温为25~30度,最低气温为10~15度,多云,东南风,小于3级
最高气温为25~30度,最低气温为15~20度,晴,北风,小于3级
最高气温为25~30度,最低气温为15~20度,晴转多云,南风,小于3级
最高气温为25~30度,最低气温为15~20度,阴,东南风,小于3级
最高气温为20~25度,最低气温为15~20度,小雨转阴,西北风,小于3级
最高气温为25~30度,最低气温为15~20度,多云,西风,小于3级
最高气温为25~30度,最低气温为15~20度,多云,北风,小于3级
最高气温为25~30度,最低气温为15~20度,阴,北风,小于3级
最高气温为25~30度,最低气温为15~20度,阴,东南风,小于3级
最高气温为25~30度,最低气温为20~25度,阴转阵雨,西北风,小于3级
最高气温为20~25度,最低气温为20~25度,阵雨转中雨,南风,小于3级
最高气温为20~25度,最低气温为15~20度,阵雨转阴,北风,小于3级
最高气温为25~30度,最低气温为15~20度,多云转阴,东南风,小于3级
最高气温为25~30度,最低气温为20~25度,多云转雷阵雨,东风,小于3级
最高气温为25~30度,最低气温为20~25度,雷阵雨,南风,小于3级
最高气温为25~30度,最低气温为15~20度,多云转雷阵雨,西北风,小于3级
最高气温为20~25度,最低气温为15~20度,中雨转暴雨,东南风,小于3级
最高气温为20~25度,最低气温为15~20度,中雨转阴,北风,小于3级
最高气温为20~25度,最低气温为15~20度,阴转中雨,北风,小于3级
最高气温为20~25度,最低气温为15~20度,阵雨转多云,西南风,小于3级
最高气温为20~25度,最低气温为15~20度,阴转雷阵雨,北风,小于3级
最高气温为20~25度,最低气温为15~20度,暴雨转雷阵雨,东北风,小于3级
最高气温为20~25度,最低气温为15~20度,阴转雷阵雨,北风,小于3级
最高气温为20~25度,最低气温为15~20度,阵雨转中雨,西北风,小于3级
最高气温为20~25度,最低气温为20~25度,大雨转中雨,东北风,小于3级
最高气温为20~25度,最低气温为15~20度,中雨转暴雨,东南风,小于3级
最高气温为20~25度,最低气温为15~20度,大雨转暴雨,东风,小于3级
最高气温为20~25度,最低气温为15~20度,阵雨转多云,西北风,3-4级
最高气温为20~25度,最低气温为10~15度,多云,北风,3-4级转小于3级
最高气温为20~25度,最低气温为15~20度,多云,北风,小于3级
最高气温为20~25度,最低气温为15~20度,中雨转大雨,北风,小于3级
最高气温为20~25度,最低气温为10~15度,雷阵雨转阴,北风,3-4级
最高气温为15~20度,最低气温为10~15度,阵雨,北风,小于3级
最高气温为15~20度,最低气温为10~15度,阵雨转阴,北风,小于3级
最高气温为20~25度,最低气温为15~20度,多云,北风,小于3级
最高气温为20~25度,最低气温为15~20度,阴转多云,北风,小于3级
最高气温为25~30度,最低气温为15~20度,多云,北风,小于3级
最高气温为25~30度,最低气温为15~20度,多云转阴,南风,小于3级
最高气温为20~25度,最低气温为20~25度,雷阵雨,东风,小于3级
最高气温为25~30度,最低气温为20~25度,雷阵雨转阵雨,东风,小于3级
最高气温为25~30度,最低气温为20~25度,雷阵雨,东南风,小于3级
最高气温为25~30度,最低气温为20~25度,中雨转雷阵雨,东南风,小于3级
最高气温为25~30度,最低气温为15~20度,阵雨转多云,西南风,小于3级
最高气温为20~25度,最低气温为15~20度,阴,东南风,3-4级转小于3级
最高气温为25~30度,最低气温为15~20度,阴转多云,东南风,小于3级
最高气温为25~30度,最低气温为20~25度,阴转阵雨,南风,小于3级
最高气温为25~30度,最低气温为20~25度,阵雨转雷阵雨,东南风,小于3级
最高气温为20~25度,最低气温为15~20度,暴雨,北风,小于3级
最高气温为20~25度,最低气温为15~20度,雷阵雨,北风,小于3级
最高气温为25~30度,最低气温为20~25度,多云,东南风,小于3级
最高气温为25~30度,最低气温为20~25度,阵雨,东北风,小于3级
最高气温为25~30度,最低气温为20~25度,雷阵雨转暴雨,北风,小于3级
最高气温为25~30度,最低气温为20~25度,阴转多云,西南风,小于3级
最高气温为25~30度,最低气温为20~25度,多云转阴,东南风,小于3级
最高气温为25~30度,最低气温为15~20度,阴,东南风,小于3级
最高气温为25~30度,最低气温为15~20度,阵雨转阴,东北风,小于3级
最高气温为25~30度,最低气温为15~20度,阴,东风,小于3级
最高气温为25~30度,最低气温为20~25度,多云转阵雨,东风,小于3级
最高气温为25~30度,最低气温为20~25度,多云转阵雨,东北风,小于3级
最高气温为25~30度,最低气温为20~25度,阴转阵雨,东南风,小于3级
最高气温为25~30度,最低气温为20~25度,阵雨,东南风,小于3级
最高气温为25~30度,最低气温为20~25度,中雨转暴雨,东北风,小于3级
最高气温为25~30度,最低气温为20~25度,雷阵雨,南风,小于3级
最高气温为30~35度,最低气温为20~25度,多云,北风,小于3级
最高气温为30~35度,最低气温为20~25度,多云,东南风,小于3级
最高气温为30~35度,最低气温为20~25度,多云转阵雨,东南风,小于3级
最高气温为30~35度,最低气温为20~25度,雷阵雨转大雨,东南风,小于3级
最高气温为25~30度,最低气温为25~30度,大雨转暴雨,南风,小于3级
最高气温为30~35度,最低气温为20~25度,雷阵雨转阴,北风,小于3级
最高气温为30~35度,最低气温为25~30度,雷阵雨,东风,小于3级
最高气温为30~35度,最低气温为25~30度,雷阵雨,南风,小于3级
最高气温为30~35度,最低气温为25~30度,雷阵雨转暴雨,北风,小于3级
最高气温为30~35度,最低气温为25~30度,暴雨,东北风,小于3级
最高气温为30~35度,最低气温为20~25度,暴雨转雷阵雨,东南风,小于3级
最高气温为30~35度,最低气温为20~25度,雷阵雨,北风,小于3级
最高气温为30~35度,最低气温为25~30度,多云转阵雨,东风,小于3级
最高气温为25~30度,最低气温为25~30度,多云转雷阵雨,东南风,小于3级
最高气温为25~30度,最低气温为20~25度,雷阵雨,南风,小于3级
最高气温为30~35度,最低气温为20~25度,暴雨转阵雨,南风,小于3级
最高气温为30~35度,最低气温为25~30度,多云,南风,小于3级
最高气温为30~35度,最低气温为25~30度,多云,东南风,小于3级
最高气温为30~35度,最低气温为25~30度,多云,北风,小于3级
最高气温为30~35度,最低气温为25~30度,多云转雷阵雨,北风,小于3级
最高气温为30~35度,最低气温为25~30度,晴转多云,南风,小于3级
最高气温为35~40度,最低气温为25~30度,晴,南风,小于3级
最高气温为30~35度,最低气温为25~30度,雷阵雨,北风,小于3级
最高气温为30~35度,最低气温为25~30度,雷阵雨,西北风,小于3级
最高气温为30~35度,最低气温为25~30度,雷阵雨,西北风,小于3级
最高气温为30~35度,最低气温为25~30度,雷阵雨,东北风,小于3级
最高气温为30~35度,最低气温为25~30度,雷阵雨,南风,小于3级
最高气温为30~35度,最低气温为25~30度,多云,南风,小于3级
最高气温为30~35度,最低气温为25~30度,阵雨转雷阵雨,东风,小于3级
最高气温为30~35度,最低气温为20~25度,中雨转暴雨,北风,小于3级
最高气温为25~30度,最低气温为20~25度,大雨转阵雨,北风,小于3级
最高气温为30~35度,最低气温为20~25度,多云,北风,小于3级
最高气温为30~35度,最低气温为20~25度,多云,东北风,小于3级
最高气温为25~30度,最低气温为20~25度,中雨转暴雨,东北风,小于3级
最高气温为25~30度,最低气温为20~25度,大雨,东北风,3-4级
最高气温为25~30度,最低气温为25~30度,中雨转阵雨,东风,小于3级
最高气温为30~35度,最低气温为25~30度,阵雨,西北风,小于3级
最高气温为30~35度,最低气温为25~30度,多云转阵雨,北风,小于3级
最高气温为35~40度,最低气温为25~30度,多云,南风,小于3级
最高气温为35~40度,最低气温为25~30度,晴,东北风,小于3级
最高气温为35~40度,最低气温为25~30度,晴,南风,小于3级
最高气温为30~35度,最低气温为25~30度,多云转雷阵雨,东风,小于3级转3-4级
最高气温为30~35度,最低气温为25~30度,阵雨转中雨,东北风,小于3级
最高气温为30~35度,最低气温为25~30度,中雨,东南风,小于3级
最高气温为25~30度,最低气温为25~30度,大雨,东风,小于3级
最高气温为30~35度,最低气温为25~30度,雷阵雨转阵雨,南风,小于3级
最高气温为30~35度,最低气温为25~30度,多云,南风,小于3级
最高气温为30~35度,最低气温为25~30度,晴,南风,小于3级
最高气温为30~35度,最低气温为25~30度,多云,南风,小于3级
最高气温为35~40度,最低气温为25~30度,晴,南风,小于3级
最高气温为30~35度,最低气温为25~30度,多云转雷阵雨,北风,小于3级
最高气温为30~35度,最低气温为25~30度,中雨,东风,3-4级转小于3级
最高气温为30~35度,最低气温为25~30度,阵雨,北风,小于3级
最高气温为30~35度,最低气温为25~30度,晴,南风,小于3级
最高气温为30~35度,最低气温为25~30度,晴,南风,小于3级
最高气温为30~35度,最低气温为25~30度,多云转阵雨,北风,小于3级
最高气温为30~35度,最低气温为25~30度,阵雨转雷阵雨,东南风,小于3级
最高气温为30~35度,最低气温为25~30度,多云转雷阵雨,东南风,小于3级
最高气温为30~35度,最低气温为25~30度,多云,东南风,小于3级
最高气温为30~35度,最低气温为25~30度,晴,东风,小于3级
最高气温为30~35度,最低气温为20~25度,晴,南风,小于3级
最高气温为35~40度,最低气温为25~30度,晴,西北风,小于3级
最高气温为35~40度,最低气温为25~30度,晴转阵雨,东北风,小于3级
最高气温为30~35度,最低气温为25~30度,阵雨转雷阵雨,西南风,小于3级
最高气温为30~35度,最低气温为25~30度,阵雨转雷阵雨,西南风,小于3级
最高气温为30~35度,最低气温为20~25度,中雨,东风,小于3级
最高气温为30~35度,最低气温为20~25度,中雨转大雨,东风,小于3级
最高气温为30~35度,最低气温为20~25度,阵雨转中雨,东北风,小于3级
最高气温为30~35度,最低气温为25~30度,雷阵雨转中雨,北风,小于3级
最高气温为30~35度,最低气温为25~30度,阵雨转大雨,东风,小于3级
最高气温为30~35度,最低气温为20~25度,中雨,东风,小于3级
最高气温为30~35度,最低气温为25~30度,雷阵雨,北风,小于3级
最高气温为30~35度,最低气温为25~30度,多云转雷阵雨,西北风,小于3级
最高气温为30~35度,最低气温为25~30度,阵雨转雷阵雨,西北风,小于3级
最高气温为30~35度,最低气温为20~25度,中雨转暴雨,东风,小于3级
最高气温为30~35度,最低气温为20~25度,中雨转大雨,东风,小于3级
最高气温为30~35度,最低气温为20~25度,大雨转中雨,东南风,小于3级
最高气温为30~35度,最低气温为25~30度,中雨转阵雨,东南风,小于3级
最高气温为30~35度,最低气温为25~30度,阵雨转多云,东风,小于3级
最高气温为30~35度,最低气温为25~30度,晴,北风,小于3级
最高气温为30~35度,最低气温为25~30度,晴,北风,小于3级
最高气温为30~35度,最低气温为25~30度,多云转雷阵雨,北风,小于3级
最高气温为30~35度,最低气温为20~25度,雷阵雨转大雨,北风,小于3级
最高气温为30~35度,最低气温为20~25度,大雨,东风,3-4级转小于3级
最高气温为30~35度,最低气温为25~30度,阵雨转多云,东风,小于3级
最高气温为30~35度,最低气温为25~30度,晴,南风,小于3级
最高气温为30~35度,最低气温为25~30度,晴,东北风,小于3级
最高气温为30~35度,最低气温为25~30度,晴转多云,南风,小于3级
最高气温为30~35度,最低气温为25~30度,晴,东风,小于3级
最高气温为30~35度,最低气温为25~30度,多云转晴,北风,小于3级
最高气温为30~35度,最低气温为25~30度,晴,北风,小于3级
最高气温为30~35度,最低气温为25~30度,晴,东风,小于3级
最高气温为30~35度,最低气温为25~30度,晴,北风,小于3级
最高气温为30~35度,最低气温为25~30度,晴转雷阵雨,北风,小于3级
最高气温为25~30度,最低气温为20~25度,暴雨,东北风,3-4级转5-6级
最高气温为25~30度,最低气温为20~25度,暴雨,东风,4-5级转3-4级
最高气温为25~30度,最低气温为25~30度,暴雨,东南风,3-4级转小于3级
最高气温为25~30度,最低气温为25~30度,暴雨,南风,小于3级
最高气温为30~35度,最低气温为25~30度,暴雨,东南风,小于3级
最高气温为30~35度,最低气温为25~30度,大雨转阵雨,北风,小于3级
最高气温为30~35度,最低气温为25~30度,多云,北风,小于3级
最高气温为30~35度,最低气温为25~30度,多云,北风,小于3级
最高气温为30~35度,最低气温为25~30度,多云转大雨,北风,小于3级
最高气温为25~30度,最低气温为25~30度,暴雨,西北风,小于3级
最高气温为30~35度,最低气温为25~30度,暴雨转大雨,东南风,小于3级
最高气温为30~35度,最低气温为25~30度,雷阵雨,东南风,小于3级
最高气温为30~35度,最低气温为25~30度,多云,北风,小于3级
最高气温为30~35度,最低气温为25~30度,晴,北风,小于3级
最高气温为35~40度,最低气温为20~25度,晴,南风,小于3级
最高气温为35~40度,最低气温为25~30度,晴,南风,小于3级
最高气温为30~35度,最低气温为25~30度,晴转雷阵雨,北风,小于3级
最高气温为30~35度,最低气温为20~25度,大雨,东北风,小于3级
最高气温为30~35度,最低气温为20~25度,阵雨转雷阵雨,北风,小于3级
最高气温为30~35度,最低气温为20~25度,多云,北风,小于3级
最高气温为30~35度,最低气温为20~25度,阴转雷阵雨,东风,小于3级
最高气温为25~30度,最低气温为20~25度,阵雨转大雨,东风,小于3级
最高气温为25~30度,最低气温为20~25度,大雨转雷阵雨,东风,小于3级
最高气温为30~35度,最低气温为20~25度,多云,东风,小于3级
最高气温为30~35度,最低气温为20~25度,晴,北风,小于3级
最高气温为30~35度,最低气温为20~25度,晴,北风,小于3级
最高气温为30~35度,最低气温为20~25度,晴,北风,小于3级
最高气温为30~35度,最低气温为25~30度,晴,南风,小于3级
最高气温为30~35度,最低气温为25~30度,多云,东北风,小于3级
最高气温为30~35度,最低气温为20~25度,多云,北风,小于3级
最高气温为30~35度,最低气温为20~25度,多云转雷阵雨,东北风,小于3级
最高气温为30~35度,最低气温为20~25度,阴转雷阵雨,北风,小于3级
最高气温为30~35度,最低气温为20~25度,多云,北风,小于3级
最高气温为30~35度,最低气温为20~25度,多云转雷阵雨,东南风,小于3级
最高气温为30~35度,最低气温为20~25度,晴,西风,小于3级
最高气温为30~35度,最低气温为20~25度,晴,北风,小于3级
最高气温为30~35度,最低气温为20~25度,晴,北风,小于3级
最高气温为30~35度,最低气温为20~25度,晴,西北风,小于3级
最高气温为30~35度,最低气温为25~30度,晴,西北风,小于3级
最高气温为30~35度,最低气温为25~30度,多云转大雨,北风,小于3级转5-6级
最高气温为25~30度,最低气温为20~25度,暴雨,西北风,6-7级
最高气温为30~35度,最低气温为25~30度,阵雨,东南风,3-4级转小于3级
最高气温为30~35度,最低气温为25~30度,阴转阵雨,北风,小于3级转3-4级
最高气温为25~30度,最低气温为20~25度,多云,北风,3-4级
最高气温为25~30度,最低气温为20~25度,多云,北风,小于3级
最高气温为30~35度,最低气温为20~25度,多云,西北风,小于3级
最高气温为30~35度,最低气温为20~25度,多云,北风,小于3级
最高气温为25~30度,最低气温为20~25度,阵雨,北风,小于3级
最高气温为25~30度,最低气温为20~25度,小雨转阴,北风,小于3级
最高气温为30~35度,最低气温为20~25度,晴,北风,小于3级
最高气温为30~35度,最低气温为20~25度,晴,北风,小于3级
最高气温为30~35度,最低气温为15~20度,晴,北风,小于3级
最高气温为30~35度,最低气温为15~20度,晴,北风,小于3级
最高气温为30~35度,最低气温为15~20度,晴,北风,小于3级
最高气温为30~35度,最低气温为20~25度,晴,北风,小于3级
最高气温为25~30度,最低气温为20~25度,晴转多云,北风,3-4级转小于3级
最高气温为25~30度,最低气温为20~25度,多云转阵雨,北风,小于3级
最高气温为30~35度,最低气温为20~25度,多云,北风,小于3级
最高气温为30~35度,最低气温为20~25度,晴,北风,小于3级
最高气温为30~35度,最低气温为20~25度,晴,西北风,小于3级
最高气温为30~35度,最低气温为20~25度,晴,北风,小于3级
最高气温为30~35度,最低气温为20~25度,晴,西北风,小于3级
最高气温为30~35度,最低气温为20~25度,晴转多云,北风,小于3级
最高气温为25~30度,最低气温为15~20度,多云,西北风,3-4级
最高气温为25~30度,最低气温为15~20度,多云转晴,北风,3-4级
最高气温为25~30度,最低气温为15~20度,多云,北风,小于3级
最高气温为25~30度,最低气温为15~20度,多云,西北风,小于3级
最高气温为25~30度,最低气温为15~20度,晴,北风,小于3级
最高气温为25~30度,最低气温为15~20度,晴,北风,小于3级
最高气温为25~30度,最低气温为15~20度,晴,北风,小于3级
最高气温为25~30度,最低气温为15~20度,晴,北风,小于3级
最高气温为25~30度,最低气温为15~20度,晴,北风,小于3级
最高气温为25~30度,最低气温为15~20度,晴,北风,小于3级
最高气温为25~30度,最低气温为10~15度,晴,西北风,小于3级
最高气温为25~30度,最低气温为10~15度,晴,北风,小于3级
最高气温为25~30度,最低气温为10~15度,晴,北风,小于3级
最高气温为25~30度,最低气温为15~20度,晴,北风,小于3级
最高气温为25~30度,最低气温为15~20度,多云,西北风,小于3级
最高气温为25~30度,最低气温为15~20度,晴,西北风,小于3级
最高气温为30~35度,最低气温为15~20度,晴,北风,小于3级
最高气温为25~30度,最低气温为20~25度,多云,北风,小于3级
最高气温为25~30度,最低气温为20~25度,多云转阵雨,东北风,3-4级转4-5级
最高气温为25~30度,最低气温为20~25度,多云,东北风,3-4级
最高气温为25~30度,最低气温为20~25度,多云,北风,小于3级
最高气温为25~30度,最低气温为15~20度,多云,北风,小于3级
最高气温为25~30度,最低气温为20~25度,多云转晴,北风,小于3级
最高气温为25~30度,最低气温为15~20度,晴,东北风,小于3级
最高气温为30~35度,最低气温为20~25度,晴,北风,小于3级
最高气温为25~30度,最低气温为20~25度,多云转小雨,北风,小于3级
最高气温为25~30度,最低气温为20~25度,小雨转阴,北风,小于3级转3-4级
最高气温为25~30度,最低气温为20~25度,阴转中雨,东南风,小于3级
最高气温为20~25度,最低气温为15~20度,阵雨转阴,北风,3-4级
最高气温为20~25度,最低气温为15~20度,阴转多云,北风,小于3级
最高气温为20~25度,最低气温为15~20度,阴转多云,北风,小于3级
最高气温为20~25度,最低气温为10~15度,晴,西北风,小于3级
最高气温为20~25度,最低气温为10~15度,晴,北风,小于3级
最高气温为20~25度,最低气温为10~15度,多云转晴,北风,3-4级转小于3级
最高气温为20~25度,最低气温为10~15度,多云,北风,小于3级
最高气温为20~25度,最低气温为10~15度,阴,北风,小于3级
最高气温为20~25度,最低气温为10~15度,阴,北风,小于3级
最高气温为20~25度,最低气温为10~15度,多云,北风,小于3级
最高气温为25~30度,最低气温为15~20度,多云,北风,小于3级
最高气温为20~25度,最低气温为15~20度,多云转小雨,北风,小于3级
最高气温为20~25度,最低气温为10~15度,多云转晴,北风,3-4级转小于3级
最高气温为20~25度,最低气温为10~15度,晴,西北风,小于3级
最高气温为15~20度,最低气温为10~15度,多云转小雨,北风,小于3级转3-4级
最高气温为15~20度,最低气温为10~15度,阵雨转多云,北风,3-4级
最高气温为15~20度,最低气温为5~10度,晴,北风,3-4级
最高气温为15~20度,最低气温为5~10度,晴,北风,小于3级
最高气温为20~25度,最低气温为5~10度,晴,西北风,小于3级
最高气温为20~25度,最低气温为5~10度,晴,西北风,小于3级
最高气温为20~25度,最低气温为5~10度,晴,北风,小于3级
最高气温为20~25度,最低气温为5~10度,晴,北风,小于3级
最高气温为20~25度,最低气温为5~10度,晴,北风,小于3级
最高气温为20~25度,最低气温为5~10度,晴,北风,小于3级
最高气温为20~25度,最低气温为5~10度,晴,西北风,小于3级
最高气温为20~25度,最低气温为10~15度,晴,北风,小于3级
最高气温为20~25度,最低气温为10~15度,霾,北风,小于3级
最高气温为20~25度,最低气温为10~15度,晴,北风,小于3级
最高气温为15~20度,最低气温为10~15度,多云,西北风,小于3级
最高气温为15~20度,最低气温为10~15度,多云,北风,小于3级
最高气温为15~20度,最低气温为10~15度,阴转小雨,西北风,小于3级
最高气温为15~20度,最低气温为10~15度,小雨,北风,小于3级
最高气温为10~15度,最低气温为10~15度,大雨转暴雨,北风,小于3级
最高气温为10~15度,最低气温为10~15度,大到暴雨,北风,小于3级
最高气温为10~15度,最低气温为5~10度,大雨转中到大雨,东北风,3-4级
最高气温为15~20度,最低气温为5~10度,多云,北风,小于3级
最高气温为15~20度,最低气温为5~10度,晴,北风,小于3级
最高气温为15~20度,最低气温为5~10度,晴,西风,小于3级
最高气温为15~20度,最低气温为5~10度,晴,北风,小于3级
最高气温为15~20度,最低气温为5~10度,晴,北风,小于3级
最高气温为15~20度,最低气温为5~10度,晴,北风,小于3级
最高气温为15~20度,最低气温为5~10度,晴,北风,小于3级
最高气温为15~20度,最低气温为5~10度,晴,北风,小于3级
最高气温为15~20度,最低气温为5~10度,晴,北风,小于3级
最高气温为10~15度,最低气温为5~10度,晴,北风,3-4级
最高气温为15~20度,最低气温为5~10度,晴,北风,小于3级
最高气温为15~20度,最低气温为0~5度,晴,西北风,小于3级
最高气温为15~20度,最低气温为0~5度,晴,北风,小于3级
最高气温为15~20度,最低气温为0~5度,晴,北风,小于3级
最高气温为20~25度,最低气温为5~10度,晴,西北风,小于3级
最高气温为20~25度,最低气温为5~10度,晴转多云,北风,小于3级
最高气温为20~25度,最低气温为10~15度,多云,北风,小于3级
最高气温为20~25度,最低气温为10~15度,霾,北风,小于3级
最高气温为20~25度,最低气温为5~10度,霾,西北风,小于3级
最高气温为20~25度,最低气温为10~15度,霾,北风,小于3级
最高气温为20~25度,最低气温为10~15度,多云,北风,小于3级
最高气温为15~20度,最低气温为10~15度,小雨,西北风,小于3级
最高气温为10~15度,最低气温为10~15度,阴,北风,3-4级
最高气温为15~20度,最低气温为5~10度,多云,北风,小于3级
最高气温为20~25度,最低气温为10~15度,多云,北风,小于3级
最高气温为20~25度,最低气温为10~15度,多云,西风,小于3级
最高气温为20~25度,最低气温为10~15度,多云转阴,北风,小于3级转3-4级
最高气温为15~20度,最低气温为5~10度,多云,北风,小于3级
最高气温为15~20度,最低气温为5~10度,晴,北风,小于3级
最高气温为15~20度,最低气温为0~5度,晴,北风,小于3级
最高气温为20~25度,最低气温为5~10度,晴,北风,小于3级
最高气温为20~25度,最低气温为5~10度,霾,西北风,小于3级
最高气温为20~25度,最低气温为5~10度,晴,西北风,小于3级
最高气温为20~25度,最低气温为5~10度,晴,北风,小于3级
最高气温为20~25度,最低气温为5~10度,晴,北风,小于3级
最高气温为15~20度,最低气温为5~10度,晴,北风,3-4级
最高气温为15~20度,最低气温为0~5度,晴,北风,小于3级
最高气温为20~25度,最低气温为5~10度,晴,西北风,小于3级
最高气温为20~25度,最低气温为10~15度,多云,北风,小于3级
最高气温为20~25度,最低气温为15~20度,阴,北风,小于3级
最高气温为20~25度,最低气温为15~20度,阴,北风,小于3级
最高气温为20~25度,最低气温为10~15度,多云转晴,北风,小于3级
最高气温为20~25度,最低气温为10~15度,晴,北风,小于3级
最高气温为25~30度,最低气温为10~15度,晴,北风,小于3级
最高气温为25~30度,最低气温为10~15度,晴,北风,小于3级
最高气温为25~30度,最低气温为10~15度,晴,西北风,小于3级
最高气温为25~30度,最低气温为10~15度,多云,北风,小于3级
最高气温为25~30度,最低气温为10~15度,多云,北风,小于3级
最高气温为25~30度,最低气温为10~15度,晴转多云,北风,小于3级
最高气温为20~25度,最低气温为10~15度,多云转阴,南风,小于3级
最高气温为20~25度,最低气温为15~20度,多云,南风,小于3级
最高气温为20~25度,最低气温为15~20度,多云转阴,东风,小于3级
最高气温为15~20度,最低气温为10~15度,小雨,北风,3-4级
最高气温为10~15度,最低气温为5~10度,中雨,北风,3-4级
最高气温为10~15度,最低气温为5~10度,小到中雨转小雨,北风,3-4级
最高气温为5~10度,最低气温为5~10度,阴,北风,3-4级
最高气温为10~15度,最低气温为0~5度,阴,北风,3-4级
最高气温为5~10度,最低气温为0~5度,小雨,北风,3-4级
最高气温为10~15度,最低气温为0~5度,阴,北风,3-4级
最高气温为10~15度,最低气温为5~10度,多云转阴,东北风,小于3级
最高气温为15~20度,最低气温为5~10度,阴转小雨,北风,小于3级
最高气温为15~20度,最低气温为5~10度,小雨转阴,西北风,小于3级
最高气温为20~25度,最低气温为10~15度,多云,北风,小于3级
最高气温为5~10度,最低气温为5~10度,小雨转阴,北风,3-4级
最高气温为15~20度,最低气温为0~5度,晴,北风,小于3级
最高气温为15~20度,最低气温为0~5度,晴,北风,小于3级
最高气温为15~20度,最低气温为10~15度,多云,北风,小于3级
最高气温为15~20度,最低气温为10~15度,多云,北风,小于3级
最高气温为20~25度,最低气温为10~15度,多云,西北风,小于3级
最高气温为20~25度,最低气温为10~15度,多云,东南风,小于3级
最高气温为20~25度,最低气温为15~20度,小雨转阴,北风,小于3级
最高气温为25~30度,最低气温为15~20度,阴,西北风,小于3级
最高气温为25~30度,最低气温为15~20度,多云,南风,小于3级
最高气温为25~30度,最低气温为15~20度,阴,东南风,小于3级
最高气温为20~25度,最低气温为15~20度,小雨,南风,3-4级
最高气温为15~20度,最低气温为10~15度,小雨,北风,3-4级
最高气温为15~20度,最低气温为10~15度,小雨,西北风,小于3级
最高气温为15~20度,最低气温为10~15度,小雨转阴,北风,小于3级
最高气温为15~20度,最低气温为10~15度,小雨,北风,小于3级
最高气温为15~20度,最低气温为10~15度,小雨,东北风,小于3级
最高气温为15~20度,最低气温为10~15度,小雨转阴,北风,3-4级
最高气温为15~20度,最低气温为10~15度,阴,北风,3-4级转小于3级
最高气温为15~20度,最低气温为10~15度,阴,北风,小于3级
最高气温为15~20度,最低气温为10~15度,小雨转阴,东北风,小于3级
最高气温为20~25度,最低气温为15~20度,小雨转小到中雨,东风,小于3级转3-4级
最高气温为20~25度,最低气温为10~15度,阴,北风,小于3级
最高气温为15~20度,最低气温为10~15度,小雨转阴,北风,小于3级
最高气温为15~20度,最低气温为10~15度,阴,东北风,小于3级
最高气温为15~20度,最低气温为10~15度,阴转多云,东南风,小于3级
最高气温为20~25度,最低气温为15~20度,霾,东北风,小于3级
最高气温为25~30度,最低气温为15~20度,霾,西南风,小于3级
最高气温为25~30度,最低气温为15~20度,多云,西南风,小于3级
最高气温为25~30度,最低气温为10~15度,雷阵雨,北风,小于3级转3-4级
最高气温为15~20度,最低气温为10~15度,阴转多云,北风,3-4级转小于3级
最高气温为20~25度,最低气温为10~15度,多云,东北风,小于3级
最高气温为20~25度,最低气温为10~15度,多云,东风,小于3级
最高气温为25~30度,最低气温为10~15度,晴转多云,东北风,小于3级
最高气温为25~30度,最低气温为15~20度,多云,南风,小于3级
最高气温为25~30度,最低气温为15~20度,多云,南风,小于3级
最高气温为25~30度,最低气温为15~20度,多云,北风,小于3级
最高气温为25~30度,最低气温为15~20度,多云转雷阵雨,南风,小于3级
最高气温为25~30度,最低气温为20~25度,雷阵雨,南风,小于3级
最高气温为20~25度,最低气温为20~25度,大到暴雨,东风,小于3级
最高气温为20~25度,最低气温为15~20度,暴雨转中到大雨,东南风,小于3级
最高气温为20~25度,最低气温为15~20度,雷阵雨转小雨,北风,小于3级
最高气温为20~25度,最低气温为15~20度,大雨转大到暴雨,东风,小于3级转3-4级
最高气温为20~25度,最低气温为15~20度,雷阵雨转阴,东南风,小于3级
最高气温为25~30度,最低气温为15~20度,多云,北风,小于3级
最高气温为25~30度,最低气温为15~20度,多云,东北风,小于3级
最高气温为20~25度,最低气温为15~20度,中雨转大雨,西北风,小于3级
最高气温为20~25度,最低气温为15~20度,阵雨,东北风,小于3级
最高气温为20~25度,最低气温为15~20度,阵雨,北风,小于3级
最高气温为25~30度,最低气温为20~25度,阴,东南风,小于3级
最高气温为25~30度,最低气温为20~25度,多云,南风,小于3级
最高气温为25~30度,最低气温为20~25度,多云,南风,小于3级
最高气温为30~35度,最低气温为20~25度,多云,西南风,小于3级
最高气温为30~35度,最低气温为20~25度,多云,南风,小于3级
最高气温为25~30度,最低气温为20~25度,多云,北风,小于3级
最高气温为25~30度,最低气温为20~25度,阴转多云,东南风,小于3级
最高气温为25~30度,最低气温为20~25度,多云,东北风,小于3级
最高气温为25~30度,最低气温为20~25度,阴转多云,西北风,小于3级
最高气温为30~35度,最低气温为20~25度,多云,北风,小于3级
最高气温为25~30度,最低气温为20~25度,多云,南风,小于3级
最高气温为25~30度,最低气温为20~25度,多云,西北风,小于3级
最高气温为25~30度,最低气温为20~25度,多云,东南风,小于3级
最高气温为25~30度,最低气温为20~25度,多云转阵雨,西风,小于3级
最高气温为25~30度,最低气温为20~25度,阵雨转阴,北风,小于3级
最高气温为25~30度,最低气温为20~25度,小雨转阴,东风,小于3级
最高气温为25~30度,最低气温为20~25度,阴,东南风,小于3级
最高气温为25~30度,最低气温为20~25度,阴,东南风,小于3级
最高气温为25~30度,最低气温为20~25度,阵雨转阴,北风,小于3级
最高气温为25~30度,最低气温为20~25度,多云,西北风,小于3级
最高气温为25~30度,最低气温为20~25度,多云,东北风,小于3级
最高气温为20~25度,最低气温为15~20度,中雨转大雨,北风,小于3级
最高气温为20~25度,最低气温为15~20度,阵雨,北风,小于3级
最高气温为25~30度,最低气温为15~20度,多云,北风,小于3级
最高气温为25~30度,最低气温为20~25度,多云转阴,东风,小于3级
最高气温为25~30度,最低气温为15~20度,中到大雨,东风,小于3级转3-4级
最高气温为20~25度,最低气温为15~20度,阵雨转阴,北风,小于3级
最高气温为20~25度,最低气温为15~20度,阵雨,北风,小于3级
最高气温为20~25度,最低气温为15~20度,中到大雨,东风,小于3级
最高气温为20~25度,最低气温为20~25度,大雨转大到暴雨,东北风,小于3级
最高气温为20~25度,最低气温为20~25度,暴雨,东风,小于3级
最高气温为25~30度,最低气温为20~25度,雷阵雨转中到大雨,南风,小于3级
最高气温为25~30度,最低气温为20~25度,大到暴雨转大雨,东南风,小于3级
最高气温为25~30度,最低气温为20~25度,多云转阵雨,西北风,小于3级
最高气温为25~30度,最低气温为20~25度,雷阵雨,南风,小于3级
最高气温为30~35度,最低气温为25~30度,雷阵雨,南风,小于3级
最高气温为30~35度,最低气温为25~30度,雷阵雨转多云,东南风,小于3级
最高气温为30~35度,最低气温为25~30度,多云,东北风,小于3级
最高气温为30~35度,最低气温为25~30度,雷阵雨,东北风,小于3级
最高气温为30~35度,最低气温为20~25度,雷阵雨,南风,小于3级
最高气温为30~35度,最低气温为20~25度,雷阵雨,北风,小于3级
最高气温为30~35度,最低气温为20~25度,雷阵雨,西风,小于3级
最高气温为25~30度,最低气温为20~25度,大雨,东风,小于3级
最高气温为30~35度,最低气温为25~30度,大雨转中雨,南风,小于3级
最高气温为25~30度,最低气温为20~25度,雷阵雨,东风,小于3级
最高气温为30~35度,最低气温为20~25度,雷阵雨转多云,东北风,小于3级
最高气温为30~35度,最低气温为25~30度,多云,南风,小于3级
最高气温为30~35度,最低气温为25~30度,雷阵雨,西风,小于3级
最高气温为30~35度,最低气温为25~30度,雷阵雨,西北风,小于3级
最高气温为30~35度,最低气温为25~30度,多云,西北风,小于3级
最高气温为30~35度,最低气温为25~30度,多云,西南风,小于3级
最高气温为30~35度,最低气温为25~30度,多云,北风,小于3级
最高气温为30~35度,最低气温为25~30度,雷阵雨转多云,南风,小于3级
最高气温为35~40度,最低气温为25~30度,多云,西南风,小于3级
最高气温为30~35度,最低气温为25~30度,多云转雷阵雨,南风,小于3级
最高气温为30~35度,最低气温为25~30度,多云转雷阵雨,东南风,小于3级
最高气温为30~35度,最低气温为25~30度,雷阵雨转多云,东南风,小于3级
最高气温为30~35度,最低气温为25~30度,雷阵雨,东南风,小于3级
最高气温为30~35度,最低气温为20~25度,雷阵雨转大雨,北风,小于3级
最高气温为30~35度,最低气温为20~25度,雷阵雨转大雨,西南风,小于3级
最高气温为30~35度,最低气温为20~25度,雷阵雨转大雨,西南风,小于3级
最高气温为30~35度,最低气温为20~25度,雷阵雨,东风,小于3级
最高气温为30~35度,最低气温为20~25度,雷阵雨,东风,小于3级
最高气温为30~35度,最低气温为25~30度,雷阵雨,西北风,小于3级
最高气温为30~35度,最低气温为25~30度,多云转晴,北风,小于3级
最高气温为35~40度,最低气温为25~30度,晴,西北风,小于3级
最高气温为35~40度,最低气温为25~30度,晴,北风,小于3级
最高气温为30~35度,最低气温为25~30度,多云,北风,小于3级
最高气温为30~35度,最低气温为25~30度,多云转雷阵雨,东南风,小于3级
最高气温为30~35度,最低气温为25~30度,多云转雷阵雨,东南风,小于3级
最高气温为30~35度,最低气温为25~30度,雷阵雨,西北风,小于3级
最高气温为30~35度,最低气温为25~30度,雷阵雨,南风,小于3级
最高气温为30~35度,最低气温为25~30度,雷阵雨转大雨,东南风,小于3级
最高气温为30~35度,最低气温为20~25度,大雨,东风,小于3级
最高气温为30~35度,最低气温为25~30度,大雨转中雨,南风,小于3级
最高气温为30~35度,最低气温为25~30度,雷阵雨,南风,小于3级
最高气温为30~35度,最低气温为25~30度,雷阵雨,东南风,小于3级
最高气温为30~35度,最低气温为25~30度,雷阵雨转多云,东北风,小于3级
最高气温为30~35度,最低气温为25~30度,多云转晴,西南风,小于3级
最高气温为35~40度,最低气温为25~30度,多云,南风,小于3级
最高气温为35~40度,最低气温为25~30度,多云,南风,小于3级
最高气温为35~40度,最低气温为25~30度,多云,东风,小于3级
最高气温为30~35度,最低气温为25~30度,多云转晴,东风,小于3级
最高气温为30~35度,最低气温为25~30度,雷阵雨转多云,北风,小于3级
最高气温为30~35度,最低气温为25~30度,多云,东北风,小于3级
最高气温为30~35度,最低气温为25~30度,多云,南风,小于3级
最高气温为30~35度,最低气温为25~30度,多云,西南风,小于3级
最高气温为35~40度,最低气温为25~30度,多云,南风,小于3级
最高气温为35~40度,最低气温为25~30度,晴转多云,东北风,小于3级
最高气温为35~40度,最低气温为25~30度,多云,东风,小于3级
最高气温为30~35度,最低气温为25~30度,雷阵雨,北风,小于3级
最高气温为30~35度,最低气温为25~30度,雷阵雨,北风,小于3级
最高气温为35~40度,最低气温为25~30度,多云,南风,小于3级
最高气温为35~40度,最低气温为25~30度,雷阵雨,北风,小于3级
最高气温为30~35度,最低气温为25~30度,雷阵雨,北风,小于3级
最高气温为30~35度,最低气温为25~30度,多云转雷阵雨,北风,小于3级
最高气温为30~35度,最低气温为25~30度,晴,北风,小于3级
最高气温为35~40度,最低气温为25~30度,晴,南风,小于3级
最高气温为35~40度,最低气温为25~30度,晴,东风,小于3级
最高气温为30~35度,最低气温为25~30度,多云转雷阵雨,北风,小于3级
最高气温为30~35度,最低气温为25~30度,中到大雨,东南风,3-4级转小于3级
最高气温为30~35度,最低气温为25~30度,大雨,东风,3-4级
最高气温为30~35度,最低气温为25~30度,雷阵雨转多云,东南风,小于3级
最高气温为30~35度,最低气温为25~30度,多云,西北风,小于3级
最高气温为35~40度,最低气温为25~30度,晴,西风,小于3级
最高气温为35~40度,最低气温为25~30度,晴转多云,北风,小于3级
最高气温为30~35度,最低气温为25~30度,雷阵雨,南风,小于3级
最高气温为30~35度,最低气温为25~30度,雷阵雨,东风,小于3级
最高气温为30~35度,最低气温为25~30度,雷阵雨,东北风,小于3级
最高气温为30~35度,最低气温为25~30度,雷阵雨,东风,小于3级
最高气温为30~35度,最低气温为20~25度,多云,西北风,小于3级
最高气温为35~40度,最低气温为25~30度,多云转晴,北风,小于3级
最高气温为35~40度,最低气温为25~30度,晴,西南风,小于3级
最高气温为35~40度,最低气温为25~30度,晴,西北风,小于3级
最高气温为35~40度,最低气温为25~30度,晴,北风,小于3级
最高气温为35~40度,最低气温为25~30度,雷阵雨,南风,小于3级
最高气温为35~40度,最低气温为25~30度,雷阵雨,东风,小于3级
最高气温为35~40度,最低气温为25~30度,雷阵雨转多云,北风,小于3级
最高气温为30~35度,最低气温为25~30度,雷阵雨,东北风,小于3级
最高气温为30~35度,最低气温为25~30度,多云转雷阵雨,南风,小于3级
最高气温为30~35度,最低气温为25~30度,雷阵雨,东南风,小于3级
最高气温为30~35度,最低气温为25~30度,雷阵雨,西风,小于3级
最高气温为30~35度,最低气温为25~30度,雷阵雨,西南风,小于3级
最高气温为30~35度,最低气温为25~30度,雷阵雨,东南风,小于3级
最高气温为30~35度,最低气温为25~30度,雷阵雨,南风,小于3级
最高气温为30~35度,最低气温为25~30度,雷阵雨,南风,小于3级
最高气温为30~35度,最低气温为20~25度,大雨,东南风,小于3级
最高气温为30~35度,最低气温为20~25度,中到大雨转雷阵雨,东北风,小于3级
最高气温为30~35度,最低气温为25~30度,多云,西南风,小于3级
最高气温为30~35度,最低气温为25~30度,多云,西南风,小于3级
最高气温为30~35度,最低气温为25~30度,多云,西南风,小于3级
最高气温为30~35度,最低气温为25~30度,多云,北风,小于3级
最高气温为30~35度,最低气温为20~25度,大雨转大到暴雨,南风,小于3级
最高气温为30~35度,最低气温为20~25度,暴雨转大雨,西北风,小于3级
最高气温为30~35度,最低气温为25~30度,雷阵雨转多云,东南风,小于3级
最高气温为30~35度,最低气温为25~30度,雷阵雨转多云,西北风,小于3级
最高气温为30~35度,最低气温为25~30度,多云,北风,小于3级
最高气温为35~40度,最低气温为25~30度,多云,南风,小于3级
最高气温为35~40度,最低气温为25~30度,晴,北风,小于3级
最高气温为35~40度,最低气温为25~30度,晴转多云,东风,小于3级
最高气温为30~35度,最低气温为25~30度,多云转雷阵雨,北风,小于3级
最高气温为30~35度,最低气温为25~30度,多云,东风,小于3级
最高气温为30~35度,最低气温为25~30度,多云,北风,小于3级
最高气温为30~35度,最低气温为25~30度,晴,北风,小于3级
最高气温为30~35度,最低气温为25~30度,晴,西北风,小于3级
最高气温为30~35度,最低气温为25~30度,多云,东南风,小于3级
最高气温为30~35度,最低气温为20~25度,晴,北风,小于3级
最高气温为30~35度,最低气温为25~30度,晴,西风,小于3级
最高气温为30~35度,最低气温为25~30度,多云转雷阵雨,北风,小于3级
最高气温为30~35度,最低气温为20~25度,雷阵雨转多云,南风,小于3级
最高气温为30~35度,最低气温为20~25度,雷阵雨转多云,北风,小于3级
最高气温为30~35度,最低气温为25~30度,多云,东风,小于3级
最高气温为30~35度,最低气温为25~30度,雷阵雨,北风,小于3级
最高气温为30~35度,最低气温为25~30度,多云,西北风,小于3级
最高气温为30~35度,最低气温为25~30度,多云,南风,小于3级
最高气温为30~35度,最低气温为25~30度,多云,东风,小于3级
最高气温为30~35度,最低气温为25~30度,多云转雷阵雨,北风,小于3级
最高气温为30~35度,最低气温为25~30度,雷阵雨转多云,东北风,小于3级
最高气温为30~35度,最低气温为25~30度,阵雨转多云,北风,小于3级
最高气温为35~40度,最低气温为25~30度,多云转大雨,北风,3-4级
最高气温为30~35度,最低气温为25~30度,大雨,东风,4-5级
最高气温为30~35度,最低气温为25~30度,中雨转阵雨,东风,3-4级转小于3级
最高气温为30~35度,最低气温为25~30度,多云,西北风,小于3级
最高气温为35~40度,最低气温为20~25度,多云,西北风,小于3级
最高气温为30~35度,最低气温为20~25度,晴,北风,3-4级
最高气温为30~35度,最低气温为20~25度,晴,北风,3-4级
最高气温为30~35度,最低气温为20~25度,多云,北风,小于3级
最高气温为30~35度,最低气温为20~25度,多云,北风,小于3级
最高气温为30~35度,最低气温为20~25度,晴,北风,小于3级
最高气温为30~35度,最低气温为20~25度,晴,北风,小于3级
最高气温为30~35度,最低气温为20~25度,晴,西北风,小于3级
最高气温为30~35度,最低气温为20~25度,晴,北风,小于3级
最高气温为30~35度,最低气温为20~25度,晴,北风,小于3级
最高气温为30~35度,最低气温为20~25度,晴,西北风,小于3级
最高气温为30~35度,最低气温为20~25度,多云,北风,小于3级
最高气温为30~35度,最低气温为20~25度,多云,北风,小于3级
最高气温为30~35度,最低气温为20~25度,多云,北风,小于3级
最高气温为30~35度,最低气温为20~25度,多云,西北风,小于3级
最高气温为30~35度,最低气温为20~25度,多云,北风,小于3级
最高气温为30~35度,最低气温为20~25度,多云,北风,小于3级
最高气温为30~35度,最低气温为15~20度,晴,东北风,小于3级
最高气温为30~35度,最低气温为15~20度,晴,北风,小于3级
最高气温为30~35度,最低气温为15~20度,晴,东北风,小于3级
最高气温为30~35度,最低气温为15~20度,晴,西北风,小于3级
最高气温为30~35度,最低气温为20~25度,晴,北风,小于3级
最高气温为30~35度,最低气温为20~25度,晴,北风,小于3级
最高气温为25~30度,最低气温为15~20度,晴,北风,3-4级
最高气温为25~30度,最低气温为15~20度,晴,北风,3-4级
最高气温为30~35度,最低气温为15~20度,晴,北风,小于3级
最高气温为30~35度,最低气温为15~20度,晴,北风,小于3级
最高气温为30~35度,最低气温为15~20度,晴,北风,小于3级
最高气温为30~35度,最低气温为15~20度,晴,北风,小于3级
最高气温为30~35度,最低气温为15~20度,晴,北风,小于3级
最高气温为30~35度,最低气温为15~20度,晴,北风,小于3级
最高气温为30~35度,最低气温为20~25度,多云,北风,小于3级
最高气温为30~35度,最低气温为20~25度,多云,北风,小于3级
最高气温为25~30度,最低气温为20~25度,多云,北风,小于3级
最高气温为25~30度,最低气温为20~25度,多云,西北风,小于3级
最高气温为25~30度,最低气温为20~25度,多云,西北风,小于3级
最高气温为30~35度,最低气温为20~25度,阴转多云,西北风,小于3级
最高气温为30~35度,最低气温为20~25度,阴转多云,北风,小于3级
最高气温为30~35度,最低气温为20~25度,多云,北风,小于3级
最高气温为30~35度,最低气温为20~25度,多云,西北风,小于3级
最高气温为30~35度,最低气温为20~25度,多云,东北风,小于3级
最高气温为30~35度,最低气温为20~25度,晴,东风,小于3级
最高气温为30~35度,最低气温为20~25度,晴,北风,小于3级
最高气温为30~35度,最低气温为20~25度,晴,北风,小于3级
最高气温为20~25度,最低气温为15~20度,阴转多云,北风,3-4级转小于3级
最高气温为25~30度,最低气温为15~20度,多云,东南风,小于3级
最高气温为25~30度,最低气温为15~20度,多云,北风,小于3级
最高气温为20~25度,最低气温为20~25度,小雨转阴,北风,小于3级
最高气温为20~25度,最低气温为20~25度,小雨转阴,北风,小于3级
最高气温为20~25度,最低气温为15~20度,阴转小雨,北风,小于3级
最高气温为15~20度,最低气温为15~20度,中雨,北风,小于3级
最高气温为15~20度,最低气温为15~20度,中雨,北风,小于3级
最高气温为20~25度,最低气温为15~20度,阴转多云,北风,小于3级
最高气温为20~25度,最低气温为15~20度,小雨,北风,小于3级
最高气温为20~25度,最低气温为15~20度,小雨,北风,小于3级
最高气温为20~25度,最低气温为15~20度,多云,北风,小于3级
最高气温为20~25度,最低气温为15~20度,多云,北风,小于3级
最高气温为25~30度,最低气温为15~20度,多云,西北风,小于3级
最高气温为25~30度,最低气温为15~20度,多云,西北风,小于3级
最高气温为20~25度,最低气温为10~15度,晴,北风,小于3级
最高气温为20~25度,最低气温为10~15度,晴,北风,小于3级
最高气温为20~25度,最低气温为10~15度,晴,西北风,小于3级
最高气温为20~25度,最低气温为10~15度,晴,西北风,小于3级
最高气温为25~30度,最低气温为15~20度,晴,北风,小于3级
最高气温为25~30度,最低气温为15~20度,晴,西北风,小于3级
最高气温为25~30度,最低气温为15~20度,晴,西北风,小于3级
最高气温为25~30度,最低气温为15~20度,晴,西北风,小于3级
最高气温为25~30度,最低气温为15~20度,多云,北风,小于3级
最高气温为25~30度,最低气温为15~20度,多云,北风,小于3级
最高气温为25~30度,最低气温为20~25度,多云,东风,小于3级
最高气温为25~30度,最低气温为20~25度,多云,东南风,小于3级
最高气温为25~30度,最低气温为20~25度,多云,东北风,小于3级
最高气温为25~30度,最低气温为20~25度,小雨,东南风,小于3级
最高气温为15~20度,最低气温为10~15度,小雨,北风,4-5级转3-4级
最高气温为10~15度,最低气温为10~15度,阴转小雨,北风,3-4级转小于3级
最高气温为15~20度,最低气温为5~10度,中雨转中到大雨,北风,小于3级转3-4级
最高气温为10~15度,最低气温为10~15度,中雨转小雨,北风,3-4级
最高气温为15~20度,最低气温为5~10度,多云,北风,小于3级
最高气温为15~20度,最低气温为5~10度,多云,西北风,小于3级
最高气温为15~20度,最低气温为10~15度,小雨,北风,小于3级
最高气温为15~20度,最低气温为10~15度,小雨转多云,北风,小于3级
最高气温为20~25度,最低气温为10~15度,多云,北风,小于3级
最高气温为15~20度,最低气温为10~15度,多云转小雨,西北风,小于3级
最高气温为15~20度,最低气温为10~15度,阴转多云,北风,3-4级
最高气温为15~20度,最低气温为10~15度,多云,北风,3-4级
最高气温为15~20度,最低气温为5~10度,晴,北风,小于3级
最高气温为15~20度,最低气温为5~10度,晴,北风,小于3级
最高气温为20~25度,最低气温为5~10度,多云,北风,小于3级
最高气温为15~20度,最低气温为10~15度,多云,北风,3-4级转4-5级
最高气温为15~20度,最低气温为5~10度,晴,北风,4-5级转3-4级
最高气温为15~20度,最低气温为5~10度,晴,西北风,小于3级
最高气温为10~15度,最低气温为5~10度,小雨,北风,小于3级
最高气温为15~20度,最低气温为5~10度,多云转晴,西北风,小于3级
最高气温为15~20度,最低气温为5~10度,晴,北风,小于3级转3-4级
最高气温为15~20度,最低气温为5~10度,晴,北风,3-4级转小于3级
最高气温为15~20度,最低气温为5~10度,多云,北风,小于3级
最高气温为20~25度,最低气温为10~15度,阴,北风,小于3级
最高气温为15~20度,最低气温为10~15度,多云转小雨,西北风,小于3级
最高气温为15~20度,最低气温为10~15度,小雨,东北风,小于3级
最高气温为15~20度,最低气温为10~15度,小雨,西北风,小于3级
最高气温为15~20度,最低气温为5~10度,小雨转多云,北风,小于3级
最高气温为15~20度,最低气温为5~10度,晴,北风,小于3级
最高气温为15~20度,最低气温为0~5度,晴,北风,小于3级
最高气温为20~25度,最低气温为5~10度,晴,北风,小于3级
最高气温为15~20度,最低气温为5~10度,晴,西北风,3-4级
最高气温为20~25度,最低气温为5~10度,晴,北风,小于3级
最高气温为20~25度,最低气温为5~10度,晴,北风,小于3级
最高气温为20~25度,最低气温为5~10度,晴转多云,西北风,小于3级
最高气温为20~25度,最低气温为10~15度,多云转阴,南风,小于3级
最高气温为20~25度,最低气温为15~20度,阴转小雨,东北风,小于3级
最高气温为20~25度,最低气温为10~15度,小雨,北风,3-4级
最高气温为15~20度,最低气温为10~15度,多云,北风,3-4级转小于3级
最高气温为15~20度,最低气温为5~10度,晴,西北风,小于3级
最高气温为15~20度,最低气温为10~15度,多云,北风,小于3级
最高气温为15~20度,最低气温为10~15度,多云,北风,小于3级
最高气温为10~15度,最低气温为5~10度,小雨转中雨,北风,小于3级
最高气温为15~20度,最低气温为5~10度,中雨转小雨,西北风,小于3级
最高气温为15~20度,最低气温为5~10度,多云转晴,东北风,小于3级
最高气温为15~20度,最低气温为5~10度,晴,北风,小于3级
最高气温为20~25度,最低气温为5~10度,晴,西北风,小于3级
最高气温为15~20度,最低气温为5~10度,晴,西北风,小于3级
最高气温为20~25度,最低气温为5~10度,晴,北风,小于3级
最高气温为20~25度,最低气温为5~10度,晴,北风,小于3级
最高气温为20~25度,最低气温为5~10度,晴转多云,北风,小于3级
最高气温为20~25度,最低气温为10~15度,多云,北风,小于3级
最高气温为20~25度,最低气温为5~10度,霾,西北风,小于3级
最高气温为20~25度,最低气温为5~10度,晴,北风,小于3级
最高气温为20~25度,最低气温为10~15度,多云转小雨,北风,小于3级
最高气温为20~25度,最低气温为10~15度,多云,东风,小于3级
最高气温为25~30度,最低气温为15~20度,多云,北风,小于3级
最高气温为20~25度,最低气温为10~15度,多云,西北风,小于3级
最高气温为20~25度,最低气温为10~15度,多云,东南风,小于3级
最高气温为20~25度,最低气温为10~15度,多云,东南风,小于3级
最高气温为15~20度,最低气温为10~15度,阴,北风,小于3级
最高气温为15~20度,最低气温为5~10度,多云,北风,小于3级
最高气温为15~20度,最低气温为5~10度,多云,北风,小于3级
最高气温为15~20度,最低气温为10~15度,多云,东北风,小于3级
最高气温为20~25度,最低气温为10~15度,多云,北风,小于3级
最高气温为15~20度,最低气温为10~15度,多云,西北风,小于3级
最高气温为10~15度,最低气温为5~10度,阴,北风,3-4级
最高气温为15~20度,最低气温为5~10度,多云,北风,小于3级
最高气温为15~20度,最低气温为5~10度,多云,西风,小于3级
最高气温为15~20度,最低气温为10~15度,多云,北风,小于3级
最高气温为15~20度,最低气温为5~10度,晴,西北风,小于3级
最高气温为15~20度,最低气温为5~10度,晴,西北风,小于3级
最高气温为20~25度,最低气温为5~10度,多云,北风,小于3级
最高气温为20~25度,最低气温为5~10度,多云,北风,小于3级
最高气温为20~25度,最低气温为5~10度,多云,北风,小于3级
最高气温为20~25度,最低气温为10~15度,多云转小雨,北风,小于3级
最高气温为20~25度,最低气温为15~20度,小雨转阴,北风,小于3级
最高气温为20~25度,最低气温为15~20度,多云,北风,小于3级
最高气温为20~25度,最低气温为15~20度,多云,西北风,小于3级
最高气温为20~25度,最低气温为10~15度,多云,北风,小于3级
最高气温为20~25度,最低气温为15~20度,多云,北风,小于3级
最高气温为20~25度,最低气温为15~20度,阴转小雨,东南风,小于3级
最高气温为20~25度,最低气温为15~20度,小雨,东风,小于3级
最高气温为20~25度,最低气温为15~20度,小雨,西北风,小于3级
最高气温为20~25度,最低气温为15~20度,中雨,东南风,小于3级
最高气温为20~25度,最低气温为15~20度,中雨,东南风,小于3级
最高气温为25~30度,最低气温为15~20度,阴,暂无实况,小于3级
最高气温为25~30度,最低气温为15~20度,阴,东南风,小于3级
最高气温为25~30度,最低气温为20~25度,阴,东北风,小于3级
最高气温为25~30度,最低气温为15~20度,阴,东南风,小于3级
最高气温为20~25度,最低气温为10~15度,小雨转阴,北风,3-4级
最高气温为20~25度,最低气温为10~15度,多云,北风,小于3级
最高气温为20~25度,最低气温为10~15度,阴转小雨,东风,小于3级
最高气温为15~20度,最低气温为10~15度,小雨,北风,3-4级转小于3级
最高气温为15~20度,最低气温为10~15度,小雨,北风,小于3级
最高气温为15~20度,最低气温为10~15度,小雨,北风,小于3级
最高气温为15~20度,最低气温为10~15度,阴,北风,小于3级
最高气温为20~25度,最低气温为10~15度,阴转多云,西北风,小于3级
最高气温为20~25度,最低气温为15~20度,阴,北风,小于3级
最高气温为20~25度,最低气温为15~20度,阴转小雨,北风,小于3级
最高气温为15~20度,最低气温为10~15度,阴转小雨,东北风,小于3级
最高气温为15~20度,最低气温为10~15度,小雨,北风,小于3级
最高气温为20~25度,最低气温为10~15度,多云,北风,小于3级
最高气温为20~25度,最低气温为15~20度,多云,东风,小于3级
最高气温为25~30度,最低气温为15~20度,阴,东风,小于3级
最高气温为25~30度,最低气温为20~25度,阴,东北风,小于3级
最高气温为25~30度,最低气温为20~25度,阴,东风,小于3级
最高气温为25~30度,最低气温为20~25度,阴,南风,小于3级
最高气温为25~30度,最低气温为20~25度,阴转多云,东风,小于3级
最高气温为25~30度,最低气温为20~25度,多云,南风,小于3级
最高气温为25~30度,最低气温为20~25度,多云,西北风,小于3级
最高气温为25~30度,最低气温为20~25度,阴,北风,小于3级
最高气温为25~30度,最低气温为15~20度,阴转雷阵雨,北风,小于3级
最高气温为20~25度,最低气温为15~20度,阴,北风,小于3级
最高气温为20~25度,最低气温为15~20度,阴,北风,小于3级
最高气温为20~25度,最低气温为15~20度,阴,东北风,小于3级
最高气温为20~25度,最低气温为15~20度,阴,西风,小于3级
最高气温为25~30度,最低气温为15~20度,多云,西北风,小于3级
最高气温为25~30度,最低气温为15~20度,多云,西北风,小于3级
最高气温为25~30度,最低气温为15~20度,多云转阴,南风,小于3级
最高气温为25~30度,最低气温为20~25度,多云,东南风,小于3级
最高气温为25~30度,最低气温为20~25度,多云,南风,小于3级
最高气温为25~30度,最低气温为20~25度,阴,东南风,小于3级
最高气温为25~30度,最低气温为20~25度,多云,东南风,小于3级
最高气温为25~30度,最低气温为20~25度,阴,东南风,小于3级
最高气温为30~35度,最低气温为20~25度,多云,南风,小于3级
最高气温为30~35度,最低气温为20~25度,多云,北风,小于3级
最高气温为25~30度,最低气温为20~25度,阴,北风,小于3级转3-4级
最高气温为20~25度,最低气温为15~20度,阵雨,东北风,3-4级
最高气温为15~20度,最低气温为10~15度,小雨转阴,北风,小于3级
最高气温为15~20度,最低气温为10~15度,小雨,北风,小于3级
最高气温为15~20度,最低气温为10~15度,小到中雨转中到大雨,北风,小于3级
最高气温为20~25度,最低气温为10~15度,多云,北风,小于3级
最高气温为25~30度,最低气温为10~15度,多云转晴,北风,小于3级
最高气温为25~30度,最低气温为10~15度,晴,西北风,小于3级
最高气温为25~30度,最低气温为10~15度,晴,北风,小于3级
最高气温为25~30度,最低气温为10~15度,晴,北风,小于3级
最高气温为25~30度,最低气温为15~20度,晴转多云,西北风,小于3级
最高气温为25~30度,最低气温为20~25度,多云,东风,小于3级
最高气温为25~30度,最低气温为20~25度,多云,东南风,小于3级
最高气温为25~30度,最低气温为20~25度,阵雨转中到大雨,西北风,小于3级
最高气温为20~25度,最低气温为15~20度,阵雨转阴,北风,小于3级
最高气温为25~30度,最低气温为15~20度,多云,北风,小于3级
最高气温为25~30度,最低气温为15~20度,多云,北风,小于3级
最高气温为25~30度,最低气温为20~25度,多云,北风,小于3级
最高气温为25~30度,最低气温为20~25度,阴转阵雨,西北风,小于3级
最高气温为25~30度,最低气温为20~25度,阴转多云,南风,小于3级
最高气温为25~30度,最低气温为20~25度,多云,北风,小于3级
最高气温为25~30度,最低气温为20~25度,多云,东南风,小于3级
最高气温为25~30度,最低气温为20~25度,阴转雷阵雨,东南风,小于3级
最高气温为25~30度,最低气温为20~25度,阵雨转雷阵雨,西北风,小于3级
最高气温为30~35度,最低气温为20~25度,阴转多云,南风,小于3级
最高气温为30~35度,最低气温为20~25度,雷阵雨,东南风,小于3级
最高气温为30~35度,最低气温为25~30度,阴,东南风,小于3级
最高气温为30~35度,最低气温为20~25度,多云转雷阵雨,东南风,小于3级
最高气温为30~35度,最低气温为20~25度,雷阵雨,西南风,小于3级
最高气温为30~35度,最低气温为20~25度,雷阵雨,东北风,小于3级
最高气温为25~30度,最低气温为20~25度,雷阵雨,东风,小于3级
最高气温为25~30度,最低气温为20~25度,雷阵雨,东风,小于3级
最高气温为30~35度,最低气温为20~25度,雷雨,东风,小于3级
最高气温为30~35度,最低气温为20~25度,雷雨,东风,小于3级
最高气温为25~30度,最低气温为20~25度,雷雨转大雨,东风,小于3级
最高气温为25~30度,最低气温为20~25度,大雨转小雨,东风,小于3级
最高气温为25~30度,最低气温为20~25度,多云,西北风,小于3级
最高气温为30~35度,最低气温为20~25度,多云转阴,东南风,小于3级
最高气温为30~35度,最低气温为20~25度,雷雨转阴,东南风,小于3级
最高气温为30~35度,最低气温为25~30度,雷雨,东南风,小于3级
最高气温为25~30度,最低气温为20~25度,大雨,东北风,小于3级
最高气温为25~30度,最低气温为20~25度,大雨转雷雨,东南风,小于3级
最高气温为25~30度,最低气温为20~25度,中雨转雷雨,东南风,小于3级
最高气温为30~35度,最低气温为25~30度,雷雨,东南风,小于3级
最高气温为25~30度,最低气温为20~25度,大到暴雨,西北风,小于3级
最高气温为25~30度,最低气温为20~25度,大雨转中雨,东南风,小于3级
最高气温为30~35度,最低气温为25~30度,雷阵雨,东北风,小于3级
最高气温为25~30度,最低气温为20~25度,大雨转,无持续风向,小于3级
最高气温为25~30度,最低气温为20~25度,小雨,无持续风向,小于3级
最高气温为30~35度,最低气温为25~30度,阵雨,东北风,小于3级
最高气温为30~35度,最低气温为25~30度,雷雨,东北风,小于3级
最高气温为30~35度,最低气温为25~30度,雷雨转,东南风,小于3级
最高气温为30~35度,最低气温为25~30度,多云,东南风,小于3级
最高气温为30~35度,最低气温为25~30度,多云,东南风,小于3级
最高气温为30~35度,最低气温为25~30度,雷雨,东北风,小于3级
最高气温为30~35度,最低气温为25~30度,雷雨,西北风,小于3级
最高气温为30~35度,最低气温为25~30度,雷雨,东南风,小于3级
最高气温为30~35度,最低气温为25~30度,阵雨转多云,东南风,小于3级
最高气温为35~40度,最低气温为25~30度,多云,东南风,小于3级
最高气温为35~40度,最低气温为25~30度,雷雨转中到大雨,东北风,小于3级
最高气温为30~35度,最低气温为25~30度,阴转雷雨,东南风,小于3级
最高气温为30~35度,最低气温为25~30度,雷雨转多云,西北风,小于3级
最高气温为30~35度,最低气温为25~30度,雷雨,东南风,小于3级
最高气温为30~35度,最低气温为25~30度,雷雨转多云,东南风,小于3级
最高气温为30~35度,最低气温为25~30度,雷雨,东北风,小于3级
最高气温为30~35度,最低气温为25~30度,雷雨,东北风,小于3级
最高气温为30~35度,最低气温为25~30度,雷雨,西北风,小于3级
最高气温为30~35度,最低气温为25~30度,雷雨转多云,无持续风向,小于3级
最高气温为30~35度,最低气温为25~30度,雷雨转多云,西北风,小于3级
最高气温为35~40度,最低气温为25~30度,雷雨转多云,东南风,小于3级
最高气温为35~40度,最低气温为20~25度,多云,东北风,小于3级
最高气温为35~40度,最低气温为25~30度,晴,西北风,小于3级
最高气温为35~40度,最低气温为25~30度,晴,西南风,小于3级
最高气温为35~40度,最低气温为25~30度,晴,东南风,小于3级
最高气温为35~40度,最低气温为25~30度,晴,东南风,小于3级
最高气温为35~40度,最低气温为25~30度,晴转多云,东北风,小于3级
最高气温为35~40度,最低气温为25~30度,雷雨转多云,东北风,小于3级
最高气温为30~35度,最低气温为25~30度,雷雨转中到大雨,东南风,小于3级
最高气温为30~35度,最低气温为25~30度,大雨,东北风,小于3级
最高气温为30~35度,最低气温为25~30度,中到大雨转雷雨,东南风,小于3级
最高气温为30~35度,最低气温为25~30度,雷雨,东南风,小于3级
最高气温为30~35度,最低气温为25~30度,雷雨转多云,东南风,小于3级
最高气温为35~40度,最低气温为25~30度,晴,东南风,小于3级
最高气温为35~40度,最低气温为25~30度,晴,东南风,小于3级
最高气温为35~40度,最低气温为25~30度,晴,东南风,小于3级
最高气温为35~40度,最低气温为25~30度,晴,东南风,小于3级
最高气温为35~40度,最低气温为25~30度,晴,东南风,小于3级
最高气温为35~40度,最低气温为25~30度,晴转多云,东南风,小于3级
最高气温为35~40度,最低气温为25~30度,多云,东南风,小于3级
最高气温为35~40度,最低气温为25~30度,雷雨,东南风,小于3级
最高气温为30~35度,最低气温为25~30度,雷雨,西北风,小于3级
最高气温为30~35度,最低气温为25~30度,阵雨转阴,西北风,小于3级
最高气温为30~35度,最低气温为25~30度,多云,西北风,小于3级
最高气温为30~35度,最低气温为25~30度,多云转阴,东北风,小于3级
最高气温为30~35度,最低气温为25~30度,中到大雨转阵雨,东北风,小于3级
最高气温为30~35度,最低气温为25~30度,多云,东北风,小于3级
最高气温为30~35度,最低气温为25~30度,晴,西北风,小于3级
最高气温为35~40度,最低气温为25~30度,晴,西北风,小于3级
最高气温为35~40度,最低气温为25~30度,晴,东北风,小于3级
最高气温为35~40度,最低气温为25~30度,晴转多云,东南风,小于3级
最高气温为35~40度,最低气温为25~30度,多云,东南风,小于3级
最高气温为35~40度,最低气温为25~30度,多云转中到大雨,西北风,小于3级
最高气温为30~35度,最低气温为25~30度,雷阵雨,无持续风向,小于3级
最高气温为30~35度,最低气温为25~30度,雷阵雨,东南风,小于3级
最高气温为30~35度,最低气温为25~30度,雷阵雨,西北风,小于3级
最高气温为30~35度,最低气温为25~30度,大雨,西北风,小于3级
最高气温为25~30度,最低气温为25~30度,大雨转中雨,东南风,小于3级
最高气温为30~35度,最低气温为25~30度,阴,西北风,小于3级
最高气温为30~35度,最低气温为25~30度,雷阵雨转大雨,东南风,小于3级
最高气温为25~30度,最低气温为25~30度,大雨,东南风,小于3级
最高气温为30~35度,最低气温为25~30度,雷阵雨,东南风,小于3级
最高气温为30~35度,最低气温为25~30度,雷阵雨,东南风,小于3级
最高气温为30~35度,最低气温为25~30度,雷阵雨转多云,无持续风向,小于3级
最高气温为30~35度,最低气温为25~30度,雷阵雨,无持续风向,小于3级
最高气温为30~35度,最低气温为25~30度,雷阵雨转多云,东南风,小于3级
最高气温为30~35度,最低气温为25~30度,雷阵雨转多云,东北风,小于3级
最高气温为30~35度,最低气温为25~30度,雷阵雨转多云,东南风,小于3级
最高气温为30~35度,最低气温为25~30度,多云转晴,东北风,小于3级
最高气温为30~35度,最低气温为25~30度,晴,西北风,小于3级
最高气温为35~40度,最低气温为25~30度,晴,东北风,小于3级
最高气温为35~40度,最低气温为25~30度,晴,西北风,小于3级
最高气温为35~40度,最低气温为25~30度,晴,无持续风向,小于3级
最高气温为35~40度,最低气温为25~30度,晴,西北风,小于3级
最高气温为35~40度,最低气温为25~30度,晴,西北风,小于3级
最高气温为35~40度,最低气温为25~30度,晴转多云,东北风,小于3级
最高气温为35~40度,最低气温为25~30度,雷阵雨,无持续风向,小于3级
最高气温为30~35度,最低气温为25~30度,雷阵雨,西北风,小于3级
最高气温为30~35度,最低气温为25~30度,雷阵雨转阴,东北风,小于3级
最高气温为30~35度,最低气温为25~30度,雷阵雨,东南风,小于3级
最高气温为30~35度,最低气温为25~30度,雷阵雨,西北风,小于3级
最高气温为30~35度,最低气温为25~30度,雷阵雨,东南风,小于3级
最高气温为30~35度,最低气温为25~30度,雷阵雨,东北风,小于3级
最高气温为30~35度,最低气温为25~30度,雷阵雨转多云,无持续风向,小于3级
最高气温为30~35度,最低气温为25~30度,多云转晴,西北风,小于3级
最高气温为35~40度,最低气温为25~30度,晴,东南风,小于3级
最高气温为35~40度,最低气温为25~30度,晴转多云,西北风,小于3级
最高气温为35~40度,最低气温为25~30度,雷阵雨转多云,西北风,小于3级
最高气温为35~40度,最低气温为25~30度,晴,西北风,小于3级
最高气温为35~40度,最低气温为25~30度,晴,西北风,小于3级
最高气温为35~40度,最低气温为25~30度,晴,东北风,小于3级
最高气温为35~40度,最低气温为25~30度,晴,西北风,小于3级
最高气温为35~40度,最低气温为25~30度,晴,西北风,小于3级
最高气温为35~40度,最低气温为25~30度,晴转多云,西北风,小于3级
最高气温为30~35度,最低气温为25~30度,雷阵雨,西北风,小于3级
最高气温为30~35度,最低气温为25~30度,雷阵雨,西北风,小于3级
最高气温为30~35度,最低气温为25~30度,雷阵雨,东北风,小于3级
最高气温为30~35度,最低气温为20~25度,大雨转雷阵雨,无持续风向,小于3级
最高气温为30~35度,最低气温为25~30度,大雨转雷阵雨,东北风,小于3级
最高气温为30~35度,最低气温为25~30度,大到暴雨转雷阵雨,东北风,小于3级
最高气温为30~35度,最低气温为25~30度,雷阵雨转多云,东南风,小于3级
最高气温为30~35度,最低气温为25~30度,雷阵雨转多云,东北风,小于3级
最高气温为30~35度,最低气温为25~30度,晴,西北风,小于3级
最高气温为30~35度,最低气温为25~30度,晴转多云,西南风,小于3级
最高气温为35~40度,最低气温为25~30度,晴转雷阵雨,西北风,小于3级
最高气温为25~30度,最低气温为25~30度,中到大雨转雷阵雨,西南风,小于3级
最高气温为30~35度,最低气温为25~30度,雷阵雨转多云,西北风,小于3级
最高气温为30~35度,最低气温为25~30度,多云,西北风,小于3级
最高气温为30~35度,最低气温为25~30度,晴,东南风,小于3级
最高气温为30~35度,最低气温为25~30度,多云,东南风,小于3级
最高气温为30~35度,最低气温为20~25度,多云,东北风,小于3级
最高气温为30~35度,最低气温为20~25度,多云,东北风,小于3级
最高气温为30~35度,最低气温为20~25度,多云,西北风,小于3级
最高气温为30~35度,最低气温为25~30度,多云,西北风,小于3级
最高气温为30~35度,最低气温为25~30度,多云,西北风,小于3级
最高气温为30~35度,最低气温为25~30度,晴,西北风,小于3级
最高气温为30~35度,最低气温为25~30度,晴转多云,东南风,小于3级
最高气温为30~35度,最低气温为25~30度,雷阵雨,东南风,小于3级
最高气温为30~35度,最低气温为20~25度,中雨转中到大雨,西北风,小于3级
最高气温为25~30度,最低气温为20~25度,中雨转阵雨,西北风,小于3级
最高气温为30~35度,最低气温为20~25度,多云,东北风,小于3级
最高气温为30~35度,最低气温为25~30度,多云转晴,西南风,小于3级
最高气温为30~35度,最低气温为25~30度,晴,东北风,小于3级
最高气温为30~35度,最低气温为25~30度,晴转多云,西北风,小于3级
最高气温为30~35度,最低气温为25~30度,多云,西北风,小于3级
最高气温为30~35度,最低气温为25~30度,晴,东北风,小于3级
最高气温为30~35度,最低气温为25~30度,晴转多云,东北风,小于3级
最高气温为30~35度,最低气温为25~30度,多云,西北风,小于3级
最高气温为30~35度,最低气温为25~30度,多云,东北风,小于3级
最高气温为30~35度,最低气温为20~25度,多云转晴,东北风,小于3级
最高气温为30~35度,最低气温为25~30度,晴,西北风,小于3级
最高气温为30~35度,最低气温为20~25度,多云转阵雨,东北风,小于3级
最高气温为25~30度,最低气温为20~25度,大到暴雨转小到中雨,东北风,小于3级
最高气温为25~30度,最低气温为20~25度,中雨转阵雨,东南风,小于3级
最高气温为25~30度,最低气温为20~25度,阵雨转中雨,东北风,小于3级
最高气温为25~30度,最低气温为20~25度,中雨转阵雨,西北风,小于3级
最高气温为30~35度,最低气温为20~25度,阴,西北风,小于3级
最高气温为25~30度,最低气温为20~25度,晴,东北风,小于3级
最高气温为25~30度,最低气温为15~20度,多云转小到中雨,东北风,小于3级
最高气温为20~25度,最低气温为15~20度,小雨,西北风,小于3级
最高气温为25~30度,最低气温为15~20度,多云,西北风,小于3级
最高气温为25~30度,最低气温为15~20度,多云转晴,西北风,小于3级
最高气温为30~35度,最低气温为15~20度,晴,西北风,小于3级
最高气温为30~35度,最低气温为20~25度,霾,西北风,小于3级
最高气温为30~35度,最低气温为20~25度,晴,西北风,小于3级
最高气温为30~35度,最低气温为15~20度,晴,西北风,小于3级
最高气温为30~35度,最低气温为15~20度,晴,西北风,小于3级
最高气温为30~35度,最低气温为20~25度,晴,西北风,小于3级
最高气温为25~30度,最低气温为20~25度,多云,西北风,小于3级
最高气温为30~35度,最低气温为20~25度,多云,西北风,小于3级
最高气温为30~35度,最低气温为20~25度,多云,西北风,小于3级
最高气温为30~35度,最低气温为20~25度,晴,西北风,小于3级
最高气温为30~35度,最低气温为20~25度,晴转多云,西北风,小于3级
最高气温为25~30度,最低气温为20~25度,多云,西北风,小于3级
最高气温为30~35度,最低气温为20~25度,多云,西北风,小于3级
最高气温为25~30度,最低气温为20~25度,小雨转多云,西北风,小于3级
最高气温为30~35度,最低气温为20~25度,多云,东南风,小于3级
最高气温为30~35度,最低气温为20~25度,多云转晴,西北风,小于3级
最高气温为30~35度,最低气温为20~25度,多云转小雨,东北风,小于3级
最高气温为25~30度,最低气温为15~20度,小雨转多云,西北风,小于3级
最高气温为20~25度,最低气温为15~20度,多云,西北风,小于3级
最高气温为20~25度,最低气温为15~20度,多云,西北风,小于3级
最高气温为25~30度,最低气温为15~20度,多云,西北风,小于3级
最高气温为25~30度,最低气温为20~25度,多云,西北风,小于3级
最高气温为30~35度,最低气温为20~25度,多云,东南风,小于3级
最高气温为25~30度,最低气温为20~25度,多云,西北风,小于3级
最高气温为25~30度,最低气温为20~25度,多云,无持续风向,小于3级
最高气温为30~35度,最低气温为20~25度,多云,西北风,小于3级
最高气温为25~30度,最低气温为20~25度,小雨转阴,东北风,小于3级
最高气温为25~30度,最低气温为20~25度,阴,无持续风向,小于3级
最高气温为25~30度,最低气温为20~25度,阴,西北风,小于3级
最高气温为25~30度,最低气温为15~20度,阴转小到中雨,西北风,小于3级
最高气温为15~20度,最低气温为15~20度,中到大雨,东北风,小于3级
最高气温为20~25度,最低气温为15~20度,阴转多云,西北风,小于3级
最高气温为25~30度,最低气温为20~25度,阴转小到中雨,东南风,小于3级
最高气温为25~30度,最低气温为20~25度,小雨转阴,东南风,小于3级
最高气温为25~30度,最低气温为20~25度,多云,西北风,小于3级
最高气温为30~35度,最低气温为20~25度,多云,西北风,小于3级
最高气温为25~30度,最低气温为20~25度,多云,西北风,小于3级
最高气温为25~30度,最低气温为20~25度,多云转阴,西北风,小于3级
最高气温为25~30度,最低气温为20~25度,小雨转多云,西北风,小于3级
最高气温为25~30度,最低气温为20~25度,多云,西北风,小于3级
最高气温为25~30度,最低气温为20~25度,多云转阴,东北风,小于3级
最高气温为25~30度,最低气温为15~20度,晴转多云,西北风,小于3级
最高气温为20~25度,最低气温为10~15度,多云,西北风,小于3级
最高气温为20~25度,最低气温为10~15度,晴,东北风,小于3级
最高气温为20~25度,最低气温为10~15度,晴转多云,西北风,小于3级
最高气温为20~25度,最低气温为10~15度,阴转多云,西北风,小于3级
最高气温为20~25度,最低气温为15~20度,多云,西北风,小于3级
最高气温为20~25度,最低气温为15~20度,多云,西北风,小于3级
最高气温为20~25度,最低气温为15~20度,多云,西北风,小于3级
最高气温为25~30度,最低气温为10~15度,小雨,东北风,小于3级
最高气温为15~20度,最低气温为10~15度,小雨转阴,西北风,小于3级
最高气温为15~20度,最低气温为10~15度,小雨转阴,西北风,小于3级
最高气温为15~20度,最低气温为10~15度,中到大雨转中雨,东北风,小于3级
最高气温为15~20度,最低气温为10~15度,多云,西北风,小于3级
最高气温为15~20度,最低气温为10~15度,多云,西北风,小于3级
最高气温为15~20度,最低气温为10~15度,多云转小到中雨,西北风,小于3级
最高气温为15~20度,最低气温为10~15度,大雨转中雨,西北风,小于3级
最高气温为15~20度,最低气温为10~15度,多云,西北风,小于3级
最高气温为20~25度,最低气温为10~15度,多云,东北风,小于3级
最高气温为15~20度,最低气温为15~20度,多云,东南风,小于3级
最高气温为20~25度,最低气温为15~20度,小雨,西北风,小于3级
最高气温为15~20度,最低气温为10~15度,小雨转阴,西北风,小于3级
最高气温为15~20度,最低气温为10~15度,多云,东北风,小于3级
最高气温为15~20度,最低气温为5~10度,多云,东北风,小于3级
最高气温为15~20度,最低气温为5~10度,晴,无持续风向,小于3级
最高气温为15~20度,最低气温为5~10度,晴,西北风,小于3级
最高气温为15~20度,最低气温为10~15度,晴转多云,西北风,小于3级
最高气温为15~20度,最低气温为10~15度,多云转小雨,西北风,小于3级
最高气温为15~20度,最低气温为15~20度,小雨转阴,西北风,小于3级
最高气温为20~25度,最低气温为15~20度,阴,东北风,小于3级
最高气温为20~25度,最低气温为15~20度,霾,无持续风向,小于3级
最高气温为25~30度,最低气温为10~15度,小雨,西北风,小于3级
最高气温为15~20度,最低气温为10~15度,多云,东北风,小于3级
最高气温为15~20度,最低气温为10~15度,小雨,西北风,小于3级
最高气温为15~20度,最低气温为10~15度,小雨转阴,东北风,小于3级
最高气温为15~20度,最低气温为10~15度,多云,东北风,小于3级
最高气温为15~20度,最低气温为10~15度,阴转小雨,西北风,小于3级
最高气温为15~20度,最低气温为10~15度,小雨转阴,东北风,小于3级
最高气温为15~20度,最低气温为10~15度,多云,西北风,小于3级
最高气温为20~25度,最低气温为10~15度,晴转多云,西北风,小于3级
最高气温为20~25度,最低气温为15~20度,多云转阴,西北风,小于3级
最高气温为20~25度,最低气温为15~20度,阴,东北风,小于3级
最高气温为20~25度,最低气温为15~20度,小雨,东南风,小于3级
最高气温为20~25度,最低气温为15~20度,中到大雨转小雨,东北风,小于3级
最高气温为20~25度,最低气温为10~15度,晴转多云,东北风,小于3级
最高气温为20~25度,最低气温为10~15度,多云,西北风,小于3级
最高气温为20~25度,最低气温为10~15度,多云,西北风,小于3级
最高气温为15~20度,最低气温为10~15度,多云转阴,东南风,小于3级
最高气温为15~20度,最低气温为10~15度,小到中雨转中到大雨,东北风,小于3级
最高气温为15~20度,最低气温为10~15度,多云,西北风,小于3级
最高气温为15~20度,最低气温为10~15度,阴,东北风,小于3级
最高气温为15~20度,最低气温为10~15度,多云,西北风,小于3级
最高气温为15~20度,最低气温为10~15度,阴转小到中雨,东北风,小于3级
最高气温为10~15度,最低气温为10~15度,中雨转小到中雨,东北风,小于3级
最高气温为15~20度,最低气温为10~15度,小雨转中雨,东北风,小于3级
最高气温为15~20度,最低气温为5~10度,小雨转多云,西北风,小于3级
最高气温为15~20度,最低气温为10~15度,晴转多云,西北风,小于3级
最高气温为15~20度,最低气温为10~15度,多云转小雨,西北风,小于3级
最高气温为15~20度,最低气温为10~15度,小雨,西北风,小于3级
最高气温为10~15度,最低气温为10~15度,小到中雨,西北风,小于3级
最高气温为5~10度,最低气温为0~5度,小到中雨转小雨,东北风,小于3级
最高气温为5~10度,最低气温为0~5度,阴,东北风,小于3级
最高气温为5~10度,最低气温为0~5度,小雨转多云,东北风,小于3级
最高气温为5~10度,最低气温为0~5度,多云,西北风,小于3级
最高气温为10~15度,最低气温为5~10度,小雨转中到大雨,西北风,小于3级
最高气温为10~15度,最低气温为5~10度,中到大雨,西北风,小于3级
最高气温为10~15度,最低气温为10~15度,大到暴雨,东北风,小于3级
最高气温为15~20度,最低气温为10~15度,小雨转阴,西北风,小于3级
最高气温为15~20度,最低气温为10~15度,多云转阴,东北风,小于3级
最高气温为15~20度,最低气温为5~10度,小雨转中到大雨,东北风,小于3级
最高气温为5~10度,最低气温为5~10度,中雨转小雨,西北风,小于3级
最高气温为10~15度,最低气温为5~10度,小雨转阴,东北风,小于3级
最高气温为10~15度,最低气温为5~10度,阴,西北风,小于3级
最高气温为15~20度,最低气温为5~10度,阴转多云,东北风,小于3级
最高气温为15~20度,最低气温为5~10度,多云转晴,东北风,小于3级
最高气温为15~20度,最低气温为5~10度,晴,西北风,小于3级
最高气温为15~20度,最低气温为5~10度,晴,西北风,小于3级
最高气温为20~25度,最低气温为5~10度,晴转多云,西北风,小于3级
最高气温为20~25度,最低气温为5~10度,晴转多云,西北风,小于3级
最高气温为20~25度,最低气温为15~20度,小雨,东北风,小于3级
最高气温为20~25度,最低气温为15~20度,小雨,东南风,小于3级
最高气温为20~25度,最低气温为20~25度,小雨,东南风,小于3级
最高气温为25~30度,最低气温为15~20度,阴转小雨,东南风,小于3级
最高气温为15~20度,最低气温为5~10度,阴,东北风,小于3级
最高气温为10~15度,最低气温为5~10度,阴,东北风,小于3级
最高气温为10~15度,最低气温为5~10度,阴转多云,西北风,小于3级
最高气温为15~20度,最低气温为10~15度,阴,西北风,小于3级
最高气温为15~20度,最低气温为10~15度,多云转阴,东北风,小于3级
最高气温为15~20度,最低气温为10~15度,小雨转阴,东北风,小于3级
最高气温为20~25度,最低气温为10~15度,多云,西北风,小于3级
最高气温为15~20度,最低气温为10~15度,阴转小雨,东南风,小于3级
最高气温为15~20度,最低气温为10~15度,小雨,西北风,小于3级
最高气温为10~15度,最低气温为10~15度,小雨,东北风,小于3级
最高气温为10~15度,最低气温为10~15度,阴,东北风,小于3级
最高气温为10~15度,最低气温为10~15度,阴,西北风,小于3级
最高气温为10~15度,最低气温为10~15度,阴转多云,东北风,小于3级
最高气温为15~20度,最低气温为5~10度,晴,西北风,小于3级
最高气温为20~25度,最低气温为10~15度,晴,西北风,小于3级
最高气温为20~25度,最低气温为5~10度,晴,西北风,小于3级
最高气温为25~30度,最低气温为10~15度,晴,西南风,小于3级
最高气温为20~25度,最低气温为10~15度,晴,西北风,小于3级
最高气温为20~25度,最低气温为10~15度,晴转多云,西北风,小于3级
最高气温为20~25度,最低气温为15~20度,多云,西北风,小于3级
最高气温为20~25度,最低气温为15~20度,多云,西北风,小于3级
最高气温为25~30度,最低气温为15~20度,多云,东北风,小于3级
最高气温为25~30度,最低气温为15~20度,多云,东南风,小于3级
最高气温为25~30度,最低气温为15~20度,多云,东南风,小于3级
最高气温为20~25度,最低气温为10~15度,大雨,无持续风向,小于3级
最高气温为10~15度,最低气温为5~10度,大雨转小雨,西北风,小于3级
最高气温为10~15度,最低气温为5~10度,阴,东北风,小于3级
最高气温为10~15度,最低气温为5~10度,阴,西北风,小于3级
最高气温为10~15度,最低气温为10~15度,中雨转小雨,西北风,小于3级
最高气温为15~20度,最低气温为10~15度,多云转阴,东南风,小于3级
最高气温为15~20度,最低气温为10~15度,阴,东北风,小于3级
最高气温为15~20度,最低气温为10~15度,小雨,东北风,小于3级
最高气温为15~20度,最低气温为10~15度,小雨,东北风,小于3级
最高气温为20~25度,最低气温为15~20度,小到中雨转小雨,东南风,小于3级
最高气温为25~30度,最低气温为20~25度,小雨转中雨,无持续风向,小于3级
最高气温为20~25度,最低气温为15~20度,中到大雨转大雨,东南风,小于3级
最高气温为20~25度,最低气温为15~20度,大到暴雨转暴雨,东北风,小于3级
最高气温为20~25度,最低气温为15~20度,大雨,西南风,小于3级
最高气温为20~25度,最低气温为10~15度,大到暴雨转大雨,东北风,小于3级
最高气温为15~20度,最低气温为10~15度,中雨转小雨,东北风,小于3级
最高气温为15~20度,最低气温为5~10度,阴转多云,东北风,小于3级
最高气温为20~25度,最低气温为10~15度,晴,西北风,小于3级
最高气温为20~25度,最低气温为10~15度,晴,西北风,小于3级
最高气温为20~25度,最低气温为10~15度,晴转多云,西北风,小于3级
最高气温为20~25度,最低气温为15~20度,多云,西北风,小于3级
最高气温为20~25度,最低气温为15~20度,阴,东北风,小于3级
最高气温为25~30度,最低气温为15~20度,多云,东北风,小于3级
最高气温为25~30度,最低气温为20~25度,阴转多云,东南风,小于3级
最高气温为25~30度,最低气温为20~25度,阴,东南风,小于3级
最高气温为25~30度,最低气温为20~25度,雷阵雨转中到大雨,东南风,小于3级
最高气温为20~25度,最低气温为20~25度,中到大雨转阵雨,西南风,小于3级
最高气温为25~30度,最低气温为20~25度,阴,西南风,小于3级
最高气温为25~30度,最低气温为20~25度,阴,东南风,小于3级
最高气温为25~30度,最低气温为20~25度,雷阵雨,东南风,小于3级
最高气温为25~30度,最低气温为20~25度,多云,东南风,小于3级
最高气温为25~30度,最低气温为20~25度,阵雨转多云,西北风,小于3级
最高气温为25~30度,最低气温为20~25度,中雨转阵雨,东北风,小于3级
最高气温为25~30度,最低气温为20~25度,阴,东南风,小于3级
最高气温为25~30度,最低气温为20~25度,中到大雨,东南风,小于3级
最高气温为25~30度,最低气温为20~25度,阵雨,东南风,小于3级
最高气温为25~30度,最低气温为20~25度,阵雨转多云,东南风,小于3级
最高气温为25~30度,最低气温为20~25度,小雨,东南风,小于3级
最高气温为25~30度,最低气温为20~25度,雷阵雨,东南风,小于3级
最高气温为25~30度,最低气温为15~20度,大雨转大到暴雨,无持续风向,小于3级
最高气温为25~30度,最低气温为15~20度,阵雨转多云,西北风,小于3级
最高气温为25~30度,最低气温为20~25度,多云,东南风,小于3级
最高气温为25~30度,最低气温为20~25度,中雨转大雨,西北风,小于3级
最高气温为25~30度,最低气温为20~25度,中到大雨,东南风,小于3级
最高气温为25~30度,最低气温为20~25度,中到大雨,东南风,小于3级
最高气温为25~30度,最低气温为20~25度,大到暴雨,东北风,小于3级
最高气温为25~30度,最低气温为20~25度,大雨,东北风,小于3级
最高气温为25~30度,最低气温为20~25度,雷阵雨,东南风,小于3级
最高气温为25~30度,最低气温为20~25度,大雨转雷阵雨,无持续风向,小于3级
最高气温为30~35度,最低气温为20~25度,多云,无持续风向,小于3级
最高气温为30~35度,最低气温为20~25度,多云,西北风,小于3级
最高气温为25~30度,最低气温为20~25度,多云,东北风,小于3级
最高气温为25~30度,最低气温为20~25度,雷阵雨转多云,东北风,小于3级
最高气温为25~30度,最低气温为20~25度,多云,东南风,小于3级
最高气温为25~30度,最低气温为20~25度,多云转雷阵雨,东南风,小于3级
最高气温为30~35度,最低气温为20~25度,多云,东南风,小于3级
最高气温为30~35度,最低气温为20~25度,多云,东南风,小于3级
最高气温为30~35度,最低气温为20~25度,雷阵雨,东南风,小于3级
最高气温为30~35度,最低气温为25~30度,雷阵雨,西北风,小于3级
最高气温为30~35度,最低气温为25~30度,多云,东南风,小于3级
最高气温为30~35度,最低气温为25~30度,多云,东南风,小于3级
最高气温为30~35度,最低气温为20~25度,雷阵雨转大到暴雨,东南风,小于3级
最高气温为25~30度,最低气温为20~25度,雷阵雨转阵雨,西北风,小于3级
最高气温为30~35度,最低气温为20~25度,晴,西北风,小于3级
最高气温为30~35度,最低气温为20~25度,多云,无持续风向,小于3级
最高气温为30~35度,最低气温为20~25度,多云,西北风,小于3级
最高气温为30~35度,最低气温为25~30度,多云,东北风,小于3级
最高气温为30~35度,最低气温为20~25度,中到大雨转阴,西北风,小于3级
最高气温为25~30度,最低气温为15~20度,多云,西北风,小于3级
最高气温为25~30度,最低气温为20~25度,多云,东南风,小于3级
最高气温为25~30度,最低气温为20~25度,多云,西南风,小于3级
最高气温为25~30度,最低气温为20~25度,多云,东南风,小于3级
最高气温为25~30度,最低气温为20~25度,暴雨,东南风,小于3级
最高气温为25~30度,最低气温为20~25度,阵雨转多云,东北风,小于3级
最高气温为30~35度,最低气温为20~25度,晴,西北风,小于3级
最高气温为30~35度,最低气温为20~25度,晴转多云,东北风,小于3级
最高气温为30~35度,最低气温为20~25度,多云,东南风,小于3级
最高气温为30~35度,最低气温为25~30度,多云,东南风,小于3级
最高气温为30~35度,最低气温为25~30度,多云转雷阵雨,东北风,小于3级
最高气温为30~35度,最低气温为25~30度,大雨转雷阵雨,东南风,小于3级
最高气温为30~35度,最低气温为25~30度,中雨,东北风,小于3级
最高气温为30~35度,最低气温为25~30度,雷阵雨,西北风,小于3级
最高气温为30~35度,最低气温为25~30度,多云,东南风,小于3级
最高气温为35~40度,最低气温为25~30度,多云,东南风,小于3级
最高气温为35~40度,最低气温为25~30度,晴,东南风,小于3级
最高气温为35~40度,最低气温为25~30度,晴,东南风,小于3级
最高气温为35~40度,最低气温为25~30度,雷阵雨,东北风,小于3级
最高气温为35~40度,最低气温为20~25度,雷阵雨转大雨,西北风,小于3级
最高气温为25~30度,最低气温为20~25度,大到暴雨转中到大雨,西北风,小于3级
最高气温为30~35度,最低气温为20~25度,雷阵雨转多云,东北风,小于3级
最高气温为30~35度,最低气温为25~30度,多云转雷阵雨,无持续风向,小于3级
最高气温为30~35度,最低气温为20~25度,雷阵雨,无持续风向,小于3级
最高气温为30~35度,最低气温为25~30度,雷阵雨,西北风,小于3级
最高气温为30~35度,最低气温为25~30度,雷阵雨,东北风,小于3级
最高气温为30~35度,最低气温为25~30度,大雨,东北风,小于3级
最高气温为30~35度,最低气温为25~30度,大雨转中到大雨,西北风,小于3级
最高气温为30~35度,最低气温为25~30度,中到大雨转雷阵雨,西北风,小于3级
最高气温为30~35度,最低气温为25~30度,大雨转大到暴雨,西北风,小于3级
最高气温为30~35度,最低气温为25~30度,大到暴雨,东北风,小于3级
最高气温为30~35度,最低气温为25~30度,中到大雨转雷阵雨,西南风,小于3级
最高气温为30~35度,最低气温为25~30度,雷阵雨转多云,东北风,小于3级
最高气温为30~35度,最低气温为25~30度,多云转晴,东南风,小于3级
最高气温为35~40度,最低气温为25~30度,晴转多云,西南风,小于3级
最高气温为30~35度,最低气温为25~30度,晴,东南风,小于3级
最高气温为35~40度,最低气温为25~30度,晴,东南风,小于3级
最高气温为35~40度,最低气温为25~30度,多云,东南风,小于3级
最高气温为35~40度,最低气温为25~30度,晴,东南风,小于3级
最高气温为35~40度,最低气温为25~30度,晴转雷阵雨,无持续风向,小于3级
最高气温为35~40度,最低气温为25~30度,多云,东北风,小于3级
最高气温为35~40度,最低气温为25~30度,晴转多云,东南风,小于3级
最高气温为35~40度,最低气温为25~30度,晴转多云,西北风,小于3级
最高气温为30~35度,最低气温为25~30度,雷阵雨,西北风,小于3级
最高气温为30~35度,最低气温为25~30度,雷阵雨,东北风,小于3级
最高气温为30~35度,最低气温为25~30度,中雨转中到大雨,东南风,小于3级
最高气温为30~35度,最低气温为25~30度,中雨转雷阵雨,东南风,小于3级
最高气温为30~35度,最低气温为25~30度,中雨,东南风,小于3级
最高气温为30~35度,最低气温为25~30度,中雨转中到大雨,东南风,小于3级
最高气温为30~35度,最低气温为25~30度,雷阵雨,西南风,小于3级
最高气温为30~35度,最低气温为25~30度,雷阵雨,北风,小于3级
最高气温为30~35度,最低气温为25~30度,雷阵雨,东南风,小于3级
最高气温为30~35度,最低气温为25~30度,雷阵雨转多云,东北风,小于3级
最高气温为35~40度,最低气温为25~30度,晴,东风,小于3级
最高气温为35~40度,最低气温为25~30度,晴,东风,小于3级
最高气温为35~40度,最低气温为25~30度,晴转多云,南风,小于3级
最高气温为35~40度,最低气温为25~30度,多云,东南风,小于3级
最高气温为35~40度,最低气温为25~30度,多云,东南风,小于3级
最高气温为35~40度,最低气温为25~30度,晴,南风,小于3级
最高气温为35~40度,最低气温为25~30度,晴,东风,小于3级
最高气温为35~40度,最低气温为25~30度,晴,东南风,小于3级
最高气温为35~40度,最低气温为25~30度,晴,西南风,小于3级
最高气温为35~40度,最低气温为25~30度,晴,南风,小于3级
最高气温为35~40度,最低气温为25~30度,多云,东南风,小于3级
最高气温为30~35度,最低气温为25~30度,雷阵雨,东南风,小于3级
最高气温为35~40度,最低气温为25~30度,多云,西风,小于3级
最高气温为35~40度,最低气温为25~30度,晴,南风,小于3级
最高气温为35~40度,最低气温为25~30度,晴,西北风,小于3级
最高气温为35~40度,最低气温为25~30度,雷阵雨,南风,小于3级
最高气温为35~40度,最低气温为25~30度,雷阵雨,无持续风向,微风
最高气温为25~30度,最低气温为25~30度,大暴雨,无持续风向,1级
最高气温为30~35度,最低气温为25~30度,雷阵雨,东风,1级
最高气温为30~35度,最低气温为25~30度,多云,东南风,2级
最高气温为30~35度,最低气温为25~30度,多云,北风,1级
最高气温为35~40度,最低气温为25~30度,晴,东北风,1级
最高气温为35~40度,最低气温为25~30度,晴,东风,1级
最高气温为35~40度,最低气温为25~30度,雷阵雨,东北风,1级
最高气温为30~35度,最低气温为25~30度,雷阵雨,北风,2级
最高气温为30~35度,最低气温为25~30度,中到大雨,北风,1级
最高气温为30~35度,最低气温为25~30度,雷阵雨,西南风,1级
最高气温为30~35度,最低气温为25~30度,大雨,东北风,1级
最高气温为30~35度,最低气温为25~30度,雷阵雨,东北风,1级
最高气温为30~35度,最低气温为25~30度,中雨,南风,1级
最高气温为30~35度,最低气温为25~30度,大雨,南风,微风
最高气温为30~35度,最低气温为25~30度,大雨,东风,1级
最高气温为30~35度,最低气温为25~30度,雷阵雨,东南风,2级
最高气温为30~35度,最低气温为25~30度,大雨,东风,2级
最高气温为30~35度,最低气温为25~30度,雷阵雨,东南风,1级
最高气温为30~35度,最低气温为25~30度,多云,西南风,微风
最高气温为35~40度,最低气温为25~30度,雷阵雨,南风,2级
最高气温为35~40度,最低气温为25~30度,多云,东南风,2级
最高气温为35~40度,最低气温为25~30度,多云,西风,微风
最高气温为35~40度,最低气温为25~30度,多云,东北风,1级
最高气温为35~40度,最低气温为25~30度,多云,东北风,1级
最高气温为35~40度,最低气温为25~30度,雷阵雨,北风,1级
最高气温为30~35度,最低气温为20~25度,雷阵雨,东北风,2级
最高气温为30~35度,最低气温为25~30度,多云,东北风,2级
最高气温为30~35度,最低气温为25~30度,晴,东北风,2级
最高气温为30~35度,最低气温为25~30度,多云,西南风,1级
最高气温为30~35度,最低气温为25~30度,雷阵雨,东风,1级
最高气温为30~35度,最低气温为25~30度,中到大雨,北风,1级
最高气温为30~35度,最低气温为25~30度,中到大雨,东南风,1级
最高气温为30~35度,最低气温为25~30度,中雨,东南风,1级
最高气温为30~35度,最低气温为25~30度,雷阵雨,东风,1级
最高气温为30~35度,最低气温为25~30度,雷阵雨,东风,2级
最高气温为30~35度,最低气温为25~30度,雷阵雨,东北风,1级
最高气温为30~35度,最低气温为25~30度,中雨,西风,1级
最高气温为30~35度,最低气温为25~30度,雷阵雨,东北风,1级
最高气温为30~35度,最低气温为25~30度,雷阵雨,东风,1级
最高气温为30~35度,最低气温为25~30度,大雨,东北风,1级
最高气温为30~35度,最低气温为25~30度,小到中雨,南风,1级
最高气温为30~35度,最低气温为20~25度,多云,北风,1级
最高气温为35~40度,最低气温为25~30度,多云,东北风,1级
最高气温为35~40度,最低气温为25~30度,多云,东北风,1级
最高气温为30~35度,最低气温为25~30度,晴,北风,1级
最高气温为30~35度,最低气温为25~30度,晴,东北风,2级
最高气温为30~35度,最低气温为25~30度,晴,东北风,1级
最高气温为30~35度,最低气温为25~30度,晴,北风,2级
最高气温为30~35度,最低气温为20~25度,晴,北风,2级
最高气温为30~35度,最低气温为20~25度,多云,东风,1级
最高气温为30~35度,最低气温为20~25度,多云,北风,1级
最高气温为30~35度,最低气温为20~25度,晴,西南风,1级
最高气温为30~35度,最低气温为25~30度,晴,南风,1级
最高气温为30~35度,最低气温为25~30度,多云,东南风,1级
最高气温为30~35度,最低气温为25~30度,多云,西北风,1级
最高气温为30~35度,最低气温为25~30度,多云,东北风,1级
最高气温为35~40度,最低气温为25~30度,多云,南风,1级
最高气温为30~35度,最低气温为25~30度,多云,南风,2级
最高气温为25~30度,最低气温为20~25度,阵雨,东风,1级
最高气温为25~30度,最低气温为20~25度,阵雨,北风,1级
最高气温为25~30度,最低气温为20~25度,阵雨,东风,1级
最高气温为30~35度,最低气温为20~25度,多云,西风,1级
最高气温为30~35度,最低气温为20~25度,多云,南风,微风
最高气温为30~35度,最低气温为20~25度,多云,东风,1级
最高气温为30~35度,最低气温为20~25度,多云,北风,1级
最高气温为30~35度,最低气温为25~30度,多云,东北风,1级
最高气温为30~35度,最低气温为25~30度,多云,北风,1级
最高气温为30~35度,最低气温为20~25度,雷阵雨,东北风,2级
最高气温为30~35度,最低气温为20~25度,多云,东北风,2级
最高气温为30~35度,最低气温为20~25度,多云,北风,2级
最高气温为25~30度,最低气温为20~25度,小雨,北风,2级
最高气温为25~30度,最低气温为20~25度,小到中雨,东北风,2级
最高气温为25~30度,最低气温为20~25度,多云,东北风,1级
最高气温为30~35度,最低气温为20~25度,多云,东北风,1级
最高气温为30~35度,最低气温为20~25度,多云,东北风,1级
最高气温为30~35度,最低气温为20~25度,晴,北风,2级
最高气温为30~35度,最低气温为20~25度,多云,北风,2级
最高气温为25~30度,最低气温为20~25度,大雨,东北风,1级
最高气温为25~30度,最低气温为20~25度,阵雨,东南风,1级
最高气温为30~35度,最低气温为20~25度,多云,北风,2级
最高气温为25~30度,最低气温为20~25度,暴雨,西风,2级
最高气温为30~35度,最低气温为20~25度,多云,东南风,1级
最高气温为30~35度,最低气温为20~25度,多云,东风,1级
最高气温为30~35度,最低气温为20~25度,多云,东南风,2级
最高气温为30~35度,最低气温为20~25度,多云,东南风,2级
最高气温为30~35度,最低气温为25~30度,晴,东北风,1级
最高气温为30~35度,最低气温为20~25度,晴,东南风,1级
最高气温为30~35度,最低气温为20~25度,晴,东北风,1级
最高气温为25~30度,最低气温为20~25度,多云,东北风,2级
最高气温为25~30度,最低气温为15~20度,晴,东北风,1级
最高气温为25~30度,最低气温为15~20度,多云,东北风,2级
最高气温为25~30度,最低气温为15~20度,多云,北风,3级
最高气温为25~30度,最低气温为15~20度,多云,东北风,2级
最高气温为25~30度,最低气温为15~20度,多云,东北风,2级
最高气温为25~30度,最低气温为15~20度,晴,东北风,1级
最高气温为25~30度,最低气温为15~20度,晴,北风,1级
最高气温为25~30度,最低气温为15~20度,晴,东北风,1级
最高气温为25~30度,最低气温为15~20度,多云,东北风,1级
最高气温为25~30度,最低气温为15~20度,多云,北风,2级
最高气温为15~20度,最低气温为10~15度,阴,东北风,2级
最高气温为15~20度,最低气温为10~15度,小雨,北风,1级
最高气温为15~20度,最低气温为10~15度,阴,东北风,1级
最高气温为20~25度,最低气温为15~20度,阴,西南风,1级
最高气温为25~30度,最低气温为20~25度,多云,东南风,1级
最高气温为25~30度,最低气温为20~25度,多云,东北风,1级
最高气温为25~30度,最低气温为20~25度,多云,南风,1级
最高气温为30~35度,最低气温为20~25度,多云,南风,1级
最高气温为30~35度,最低气温为20~25度,多云,东北风,1级
最高气温为25~30度,最低气温为20~25度,多云,东北风,1级
最高气温为25~30度,最低气温为20~25度,阵雨,东北风,微风
最高气温为25~30度,最低气温为20~25度,小到中雨,南风,微风
最高气温为25~30度,最低气温为20~25度,阵雨,东风,1级
最高气温为25~30度,最低气温为15~20度,中到大雨,东风,1级
最高气温为15~20度,最低气温为10~15度,小雨,东北风,3级
最高气温为10~15度,最低气温为10~15度,阴,北风,2级
最高气温为10~15度,最低气温为10~15度,小雨,南风,1级
最高气温为10~15度,最低气温为10~15度,中到大雨,东北风,2级
最高气温为15~20度,最低气温为10~15度,多云,北风,1级
最高气温为20~25度,最低气温为10~15度,晴,东北风,1级
最高气温为20~25度,最低气温为10~15度,阴,西风,1级
最高气温为15~20度,最低气温为10~15度,多云,东北风,1级
最高气温为20~25度,最低气温为10~15度,多云,东北风,1级
最高气温为20~25度,最低气温为15~20度,多云,西南风,微风
最高气温为20~25度,最低气温为15~20度,多云,东北风,1级
最高气温为25~30度,最低气温为15~20度,多云,北风,微风
最高气温为25~30度,最低气温为15~20度,多云,北风,2级
最高气温为20~25度,最低气温为10~15度,多云,东北风,2级
最高气温为20~25度,最低气温为10~15度,晴,南风,1级
最高气温为20~25度,最低气温为10~15度,多云,东北风,1级
最高气温为20~25度,最低气温为10~15度,晴,东北风,1级
最高气温为20~25度,最低气温为10~15度,多云,西北风,微风
最高气温为25~30度,最低气温为15~20度,多云,南风,1级
最高气温为25~30度,最低气温为15~20度,多云,西南风,1级
最高气温为25~30度,最低气温为15~20度,多云,北风,2级
最高气温为20~25度,最低气温为10~15度,多云,东北风,2级
最高气温为15~20度,最低气温为10~15度,晴,东北风,2级
最高气温为15~20度,最低气温为5~10度,晴,东北风,1级
最高气温为20~25度,最低气温为5~10度,多云,北风,微风
最高气温为20~25度,最低气温为15~20度,多云,东北风,1级
最高气温为20~25度,最低气温为15~20度,多云,东北风,1级
最高气温为25~30度,最低气温为15~20度,多云,东北风,1级
最高气温为25~30度,最低气温为15~20度,小雨,东风,1级
最高气温为20~25度,最低气温为10~15度,晴,北风,2级
最高气温为20~25度,最低气温为15~20度,多云,东北风,微风
最高气温为20~25度,最低气温为15~20度,小雨,南风,1级
最高气温为20~25度,最低气温为10~15度,多云,东北风,2级
最高气温为15~20度,最低气温为5~10度,晴,东北风,2级
最高气温为15~20度,最低气温为5~10度,晴,东北风,2级
最高气温为15~20度,最低气温为5~10度,多云,北风,2级
最高气温为15~20度,最低气温为10~15度,多云,北风,1级
最高气温为20~25度,最低气温为10~15度,多云,北风,微风
